time,wind_speed_10m,wind_speed_100m
2025-01-01T00:00,3.15,6.48
2025-01-01T01:00,4.18,8.23
2025-01-01T02:00,4.29,8.18
2025-01-01T03:00,3.78,7.78
2025-01-01T04:00,3.27,7.17
2025-01-01T05:00,3.25,7.11
2025-01-01T06:00,3.60,7.92
2025-01-01T07:00,3.77,7.95
2025-01-01T08:00,3.98,8.12
2025-01-01T09:00,4.23,8.22
2025-01-01T10:00,4.41,8.19
2025-01-01T11:00,5.57,9.87
2025-01-01T12:00,6.42,11.23
2025-01-01T13:00,6.49,11.31
2025-01-01T14:00,6.93,11.57
2025-01-01T15:00,7.86,12.53
2025-01-01T16:00,7.11,11.34
2025-01-01T17:00,8.12,12.79
2025-01-01T18:00,8.79,13.73
2025-01-01T19:00,8.03,12.70
2025-01-01T20:00,7.20,11.42
2025-01-01T21:00,5.91,9.89
2025-01-01T22:00,5.23,9.27
2025-01-01T23:00,4.68,8.67
2025-01-02T00:00,4.37,8.19
2025-01-02T01:00,4.19,7.90
2025-01-02T02:00,4.50,8.44
2025-01-02T03:00,4.87,8.89
2025-01-02T04:00,6.12,10.73
2025-01-02T05:00,6.63,11.77
2025-01-02T06:00,5.23,8.99
2025-01-02T07:00,4.57,7.69
2025-01-02T08:00,4.86,8.64
2025-01-02T09:00,4.27,8.10
2025-01-02T10:00,4.04,7.67
2025-01-02T11:00,4.24,7.95
2025-01-02T12:00,4.56,8.51
2025-01-02T13:00,4.43,8.11
2025-01-02T14:00,5.87,9.03
2025-01-02T15:00,5.42,8.45
2025-01-02T16:00,5.70,8.76
2025-01-02T17:00,6.23,9.64
2025-01-02T18:00,7.25,11.06
2025-01-02T19:00,6.84,10.47
2025-01-02T20:00,6.41,9.97
2025-01-02T21:00,4.68,8.00
2025-01-02T22:00,3.70,7.04
2025-01-02T23:00,3.18,6.59
2025-01-03T00:00,2.47,5.89
2025-01-03T01:00,1.64,4.78
2025-01-03T02:00,1.52,4.48
2025-01-03T03:00,1.57,4.32
2025-01-03T04:00,2.91,6.55
2025-01-03T05:00,4.47,8.35
2025-01-03T06:00,4.11,7.68
2025-01-03T07:00,3.76,7.21
2025-01-03T08:00,3.26,6.52
2025-01-03T09:00,2.44,5.55
2025-01-03T10:00,1.45,4.45
2025-01-03T11:00,0.86,2.45
2025-01-03T12:00,1.46,3.08
2025-01-03T13:00,2.27,4.82
2025-01-03T14:00,1.81,5.30
2025-01-03T15:00,2.13,3.85
2025-01-03T16:00,2.41,3.76
2025-01-03T17:00,2.90,4.36
2025-01-03T18:00,4.03,6.01
2025-01-03T19:00,4.57,7.12
2025-01-03T20:00,3.81,5.93
2025-01-03T21:00,5.45,9.19
2025-01-03T22:00,5.19,8.97
2025-01-03T23:00,6.49,11.10
2025-01-04T00:00,5.84,10.26
2025-01-04T01:00,5.81,10.20
2025-01-04T02:00,6.17,10.72
2025-01-04T03:00,6.02,10.47
2025-01-04T04:00,6.17,10.64
2025-01-04T05:00,6.35,10.94
2025-01-04T06:00,6.35,10.96
2025-01-04T07:00,6.13,10.60
2025-01-04T08:00,5.39,9.40
2025-01-04T09:00,4.97,8.67
2025-01-04T10:00,4.90,8.60
2025-01-04T11:00,4.65,8.17
2025-01-04T12:00,5.02,8.63
2025-01-04T13:00,5.70,9.61
2025-01-04T14:00,6.78,10.74
2025-01-04T15:00,7.47,11.50
2025-01-04T16:00,6.80,10.48
2025-01-04T17:00,6.78,10.51
2025-01-04T18:00,6.91,10.60
2025-01-04T19:00,6.66,10.33
2025-01-04T20:00,6.51,10.20
2025-01-04T21:00,6.26,9.95
2025-01-04T22:00,5.08,8.45
2025-01-04T23:00,4.44,7.77
2025-01-05T00:00,4.27,7.60
2025-01-05T01:00,4.18,7.51
2025-01-05T02:00,4.23,7.60
2025-01-05T03:00,4.27,7.70
2025-01-05T04:00,4.28,7.63
2025-01-05T05:00,3.65,6.60
2025-01-05T06:00,3.27,5.98
2025-01-05T07:00,3.29,6.07
2025-01-05T08:00,3.40,6.21
2025-01-05T09:00,3.47,6.24
2025-01-05T10:00,3.95,7.02
2025-01-05T11:00,4.38,7.70
2025-01-05T12:00,4.62,8.06
2025-01-05T13:00,3.08,5.93
2025-01-05T14:00,2.59,4.46
2025-01-05T15:00,4.05,6.11
2025-01-05T16:00,4.48,6.61
2025-01-05T17:00,4.70,6.97
2025-01-05T18:00,4.65,6.97
2025-01-05T19:00,4.34,6.57
2025-01-05T20:00,3.89,6.02
2025-01-05T21:00,3.36,5.61
2025-01-05T22:00,3.22,5.95
2025-01-05T23:00,2.66,5.11
2025-01-06T00:00,2.59,5.10
2025-01-06T01:00,1.20,3.40
2025-01-06T02:00,1.10,3.14
2025-01-06T03:00,1.00,2.65
2025-01-06T04:00,1.20,2.60
2025-01-06T05:00,0.10,0.27
2025-01-06T06:00,0.35,0.70
2025-01-06T07:00,0.51,0.76
2025-01-06T08:00,1.52,2.28
2025-01-06T09:00,1.55,2.26
2025-01-06T10:00,2.20,3.41
2025-01-06T11:00,2.76,4.46
2025-01-06T12:00,2.33,3.49
2025-01-06T13:00,3.02,6.94
2025-01-06T14:00,3.12,7.02
2025-01-06T15:00,3.64,5.54
2025-01-06T16:00,3.42,5.37
2025-01-06T17:00,3.40,5.37
2025-01-06T18:00,3.52,5.33
2025-01-06T19:00,3.51,5.46
2025-01-06T20:00,3.27,5.20
2025-01-06T21:00,3.53,5.72
2025-01-06T22:00,3.30,6.04
2025-01-06T23:00,3.67,6.60
2025-01-07T00:00,3.83,6.82
2025-01-07T01:00,5.23,9.03
2025-01-07T02:00,5.46,9.35
2025-01-07T03:00,4.88,8.39
2025-01-07T04:00,6.04,10.36
2025-01-07T05:00,5.33,9.54
2025-01-07T06:00,5.95,10.22
2025-01-07T07:00,5.36,9.70
2025-01-07T08:00,5.93,10.71
2025-01-07T09:00,5.83,10.12
2025-01-07T10:00,6.62,11.30
2025-01-07T11:00,6.68,11.17
2025-01-07T12:00,5.29,9.17
2025-01-07T13:00,5.53,9.87
2025-01-07T14:00,5.56,9.87
2025-01-07T15:00,5.36,9.52
2025-01-07T16:00,4.72,8.27
2025-01-07T17:00,4.73,8.47
2025-01-07T18:00,6.27,10.24
2025-01-07T19:00,4.99,8.76
2025-01-07T20:00,5.22,9.10
2025-01-07T21:00,5.20,9.11
2025-01-07T22:00,6.03,10.34
2025-01-07T23:00,6.59,11.26
2025-01-08T00:00,6.62,11.45
2025-01-08T01:00,6.58,11.38
2025-01-08T02:00,7.18,12.31
2025-01-08T03:00,7.53,12.91
2025-01-08T04:00,7.33,12.64
2025-01-08T05:00,6.76,11.75
2025-01-08T06:00,6.44,11.35
2025-01-08T07:00,5.94,10.47
2025-01-08T08:00,5.38,9.65
2025-01-08T09:00,4.99,9.12
2025-01-08T10:00,4.43,8.07
2025-01-08T11:00,4.02,7.39
2025-01-08T12:00,3.91,7.13
2025-01-08T13:00,4.18,7.63
2025-01-08T14:00,4.37,7.85
2025-01-08T15:00,4.92,8.60
2025-01-08T16:00,5.35,8.98
2025-01-08T17:00,5.44,9.01
2025-01-08T18:00,4.94,8.00
2025-01-08T19:00,5.00,8.24
2025-01-08T20:00,4.37,7.55
2025-01-08T21:00,4.65,8.29
2025-01-08T22:00,5.03,8.83
2025-01-08T23:00,5.30,9.26
2025-01-09T00:00,6.08,10.54
2025-01-09T01:00,5.56,9.99
2025-01-09T02:00,6.47,11.31
2025-01-09T03:00,6.68,11.78
2025-01-09T04:00,6.97,12.13
2025-01-09T05:00,6.75,11.84
2025-01-09T06:00,6.40,11.25
2025-01-09T07:00,5.62,10.11
2025-01-09T08:00,5.70,10.26
2025-01-09T09:00,5.77,10.40
2025-01-09T10:00,6.05,10.75
2025-01-09T11:00,6.15,10.85
2025-01-09T12:00,6.27,11.02
2025-01-09T13:00,7.22,12.49
2025-01-09T14:00,7.60,12.98
2025-01-09T15:00,7.64,12.98
2025-01-09T16:00,7.45,12.54
2025-01-09T17:00,7.13,11.92
2025-01-09T18:00,7.25,12.16
2025-01-09T19:00,7.18,12.16
2025-01-09T20:00,6.67,11.48
2025-01-09T21:00,6.57,11.43
2025-01-09T22:00,6.53,11.54
2025-01-09T23:00,6.73,11.89
2025-01-10T00:00,6.76,11.89
2025-01-10T01:00,7.25,12.71
2025-01-10T02:00,7.20,12.68
2025-01-10T03:00,7.16,12.57
2025-01-10T04:00,7.29,12.84
2025-01-10T05:00,6.73,11.99
2025-01-10T06:00,6.65,11.89
2025-01-10T07:00,6.29,11.32
2025-01-10T08:00,5.77,10.61
2025-01-10T09:00,6.02,11.08
2025-01-10T10:00,6.02,11.12
2025-01-10T11:00,5.34,10.11
2025-01-10T12:00,5.00,9.66
2025-01-10T13:00,4.88,9.48
2025-01-10T14:00,4.70,8.87
2025-01-10T15:00,2.98,8.25
2025-01-10T16:00,2.52,4.53
2025-01-10T17:00,2.48,4.03
2025-01-10T18:00,2.26,3.66
2025-01-10T19:00,1.50,2.75
2025-01-10T20:00,1.87,3.56
2025-01-10T21:00,0.92,2.25
2025-01-10T22:00,1.33,2.45
2025-01-10T23:00,1.57,4.19
2025-01-11T00:00,0.40,1.84
2025-01-11T01:00,0.54,2.58
2025-01-11T02:00,1.35,3.64
2025-01-11T03:00,2.03,5.11
2025-01-11T04:00,2.45,5.21
2025-01-11T05:00,2.36,4.58
2025-01-11T06:00,2.31,4.36
2025-01-11T07:00,2.10,4.06
2025-01-11T08:00,2.04,4.07
2025-01-11T09:00,0.92,2.58
2025-01-11T10:00,0.89,2.48
2025-01-11T11:00,1.18,2.96
2025-01-11T12:00,1.77,4.23
2025-01-11T13:00,3.32,6.22
2025-01-11T14:00,4.10,7.53
2025-01-11T15:00,4.01,7.22
2025-01-11T16:00,4.27,7.18
2025-01-11T17:00,4.81,7.88
2025-01-11T18:00,5.97,9.95
2025-01-11T19:00,5.98,10.15
2025-01-11T20:00,5.48,9.64
2025-01-11T21:00,5.30,9.42
2025-01-11T22:00,5.23,9.46
2025-01-11T23:00,5.35,9.73
2025-01-12T00:00,4.88,9.12
2025-01-12T01:00,4.21,8.17
2025-01-12T02:00,4.21,8.21
2025-01-12T03:00,4.35,8.28
2025-01-12T04:00,4.95,9.17
2025-01-12T05:00,5.02,9.30
2025-01-12T06:00,4.60,8.74
2025-01-12T07:00,3.82,7.85
2025-01-12T08:00,2.47,6.20
2025-01-12T09:00,2.59,6.23
2025-01-12T10:00,2.77,6.39
2025-01-12T11:00,2.75,6.56
2025-01-12T12:00,2.16,5.56
2025-01-12T13:00,2.35,5.13
2025-01-12T14:00,2.63,5.86
2025-01-12T15:00,2.85,6.92
2025-01-12T16:00,2.58,6.13
2025-01-12T17:00,2.67,4.57
2025-01-12T18:00,2.34,4.10
2025-01-12T19:00,1.78,3.23
2025-01-12T20:00,1.20,2.65
2025-01-12T21:00,0.79,2.39
2025-01-12T22:00,0.92,2.54
2025-01-12T23:00,1.70,3.76
2025-01-13T00:00,1.84,4.53
2025-01-13T01:00,1.99,5.22
2025-01-13T02:00,1.95,5.32
2025-01-13T03:00,2.36,6.16
2025-01-13T04:00,2.40,6.49
2025-01-13T05:00,2.24,6.13
2025-01-13T06:00,2.57,6.03
2025-01-13T07:00,2.47,5.77
2025-01-13T08:00,1.91,4.64
2025-01-13T09:00,1.81,4.91
2025-01-13T10:00,1.63,4.58
2025-01-13T11:00,1.63,4.47
2025-01-13T12:00,1.68,4.66
2025-01-13T13:00,1.61,4.83
2025-01-13T14:00,1.45,4.62
2025-01-13T15:00,1.10,5.43
2025-01-13T16:00,1.41,5.90
2025-01-13T17:00,0.98,5.61
2025-01-13T18:00,1.15,3.69
2025-01-13T19:00,1.21,2.98
2025-01-13T20:00,2.75,6.11
2025-01-13T21:00,3.13,6.95
2025-01-13T22:00,2.35,6.33
2025-01-13T23:00,2.12,6.07
2025-01-14T00:00,2.17,6.29
2025-01-14T01:00,2.53,6.65
2025-01-14T02:00,2.12,6.29
2025-01-14T03:00,2.04,6.17
2025-01-14T04:00,3.22,8.05
2025-01-14T05:00,4.79,9.50
2025-01-14T06:00,4.10,8.25
2025-01-14T07:00,3.98,7.98
2025-01-14T08:00,3.60,7.37
2025-01-14T09:00,3.29,6.87
2025-01-14T10:00,3.51,7.17
2025-01-14T11:00,4.00,7.78
2025-01-14T12:00,4.21,8.04
2025-01-14T13:00,4.33,8.29
2025-01-14T14:00,4.85,8.49
2025-01-14T15:00,4.46,7.14
2025-01-14T16:00,3.61,5.70
2025-01-14T17:00,3.33,5.17
2025-01-14T18:00,3.51,5.61
2025-01-14T19:00,2.97,4.90
2025-01-14T20:00,1.92,3.54
2025-01-14T21:00,1.15,2.71
2025-01-14T22:00,0.61,2.44
2025-01-14T23:00,1.36,3.65
2025-01-15T00:00,1.82,4.67
2025-01-15T01:00,3.64,7.18
2025-01-15T02:00,4.99,8.90
2025-01-15T03:00,4.52,7.94
2025-01-15T04:00,5.52,9.46
2025-01-15T05:00,5.35,9.42
2025-01-15T06:00,5.42,9.59
2025-01-15T07:00,4.85,8.84
2025-01-15T08:00,4.62,8.54
2025-01-15T09:00,4.97,9.10
2025-01-15T10:00,4.61,8.60
2025-01-15T11:00,4.38,8.27
2025-01-15T12:00,4.25,8.09
2025-01-15T13:00,3.99,7.63
2025-01-15T14:00,3.56,6.56
2025-01-15T15:00,4.62,7.34
2025-01-15T16:00,4.72,7.37
2025-01-15T17:00,4.59,7.10
2025-01-15T18:00,4.41,6.84
2025-01-15T19:00,4.59,7.25
2025-01-15T20:00,4.70,7.56
2025-01-15T21:00,4.43,7.80
2025-01-15T22:00,4.19,7.81
2025-01-15T23:00,4.12,7.90
2025-01-16T00:00,3.96,7.60
2025-01-16T01:00,2.65,6.38
2025-01-16T02:00,2.80,6.69
2025-01-16T03:00,2.71,6.47
2025-01-16T04:00,1.83,5.43
2025-01-16T05:00,1.84,5.38
2025-01-16T06:00,1.74,5.05
2025-01-16T07:00,1.73,5.08
2025-01-16T08:00,1.66,4.92
2025-01-16T09:00,0.74,3.44
2025-01-16T10:00,0.45,2.38
2025-01-16T11:00,0.57,2.67
2025-01-16T12:00,1.25,3.64
2025-01-16T13:00,1.82,5.28
2025-01-16T14:00,2.33,6.63
2025-01-16T15:00,2.49,4.51
2025-01-16T16:00,2.97,4.66
2025-01-16T17:00,2.75,4.30
2025-01-16T18:00,2.45,3.90
2025-01-16T19:00,2.36,3.94
2025-01-16T20:00,2.14,3.72
2025-01-16T21:00,1.42,4.22
2025-01-16T22:00,1.71,4.92
2025-01-16T23:00,1.37,4.14
2025-01-17T00:00,1.25,3.97
2025-01-17T01:00,1.50,3.82
2025-01-17T02:00,1.45,4.26
2025-01-17T03:00,1.89,5.63
2025-01-17T04:00,2.84,6.58
2025-01-17T05:00,3.29,7.31
2025-01-17T06:00,4.60,8.89
2025-01-17T07:00,4.91,9.30
2025-01-17T08:00,4.21,8.28
2025-01-17T09:00,3.15,6.99
2025-01-17T10:00,1.50,4.50
2025-01-17T11:00,1.78,4.87
2025-01-17T12:00,1.76,5.13
2025-01-17T13:00,1.94,5.30
2025-01-17T14:00,1.71,5.30
2025-01-17T15:00,2.60,4.95
2025-01-17T16:00,1.61,3.51
2025-01-17T17:00,2.13,4.05
2025-01-17T18:00,1.96,3.77
2025-01-17T19:00,1.30,2.80
2025-01-17T20:00,0.78,1.66
2025-01-17T21:00,1.22,3.07
2025-01-17T22:00,1.05,3.32
2025-01-17T23:00,1.95,5.04
2025-01-18T00:00,1.97,5.98
2025-01-18T01:00,2.77,7.58
2025-01-18T02:00,3.00,7.28
2025-01-18T03:00,3.09,7.34
2025-01-18T04:00,3.47,7.79
2025-01-18T05:00,3.72,8.05
2025-01-18T06:00,3.85,8.07
2025-01-18T07:00,3.90,8.05
2025-01-18T08:00,3.55,7.56
2025-01-18T09:00,3.25,7.09
2025-01-18T10:00,2.76,6.54
2025-01-18T11:00,3.35,7.24
2025-01-18T12:00,3.86,7.77
2025-01-18T13:00,3.81,7.65
2025-01-18T14:00,3.10,6.57
2025-01-18T15:00,2.80,6.34
2025-01-18T16:00,3.13,6.85
2025-01-18T17:00,2.21,5.71
2025-01-18T18:00,4.30,7.71
2025-01-18T19:00,3.91,6.87
2025-01-18T20:00,2.05,7.72
2025-01-18T21:00,3.13,6.31
2025-01-18T22:00,2.58,6.13
2025-01-18T23:00,2.51,6.34
2025-01-19T00:00,2.02,5.41
2025-01-19T01:00,1.35,3.64
2025-01-19T02:00,1.42,3.73
2025-01-19T03:00,1.77,4.65
2025-01-19T04:00,1.99,5.23
2025-01-19T05:00,2.21,5.92
2025-01-19T06:00,2.37,5.92
2025-01-19T07:00,2.69,6.35
2025-01-19T08:00,2.80,6.35
2025-01-19T09:00,2.57,5.95
2025-01-19T10:00,2.67,6.17
2025-01-19T11:00,2.86,6.48
2025-01-19T12:00,2.50,5.77
2025-01-19T13:00,2.39,5.43
2025-01-19T14:00,2.26,4.49
2025-01-19T15:00,2.18,4.99
2025-01-19T16:00,2.76,5.52
2025-01-19T17:00,3.28,5.77
2025-01-19T18:00,3.36,6.64
2025-01-19T19:00,3.18,6.99
2025-01-19T20:00,4.12,7.82
2025-01-19T21:00,6.58,10.35
2025-01-19T22:00,4.97,8.57
2025-01-19T23:00,5.21,8.95
2025-01-20T00:00,5.68,9.63
2025-01-20T01:00,5.70,9.62
2025-01-20T02:00,5.66,9.90
2025-01-20T03:00,5.73,9.94
2025-01-20T04:00,5.96,10.23
2025-01-20T05:00,5.81,10.11
2025-01-20T06:00,5.14,9.33
2025-01-20T07:00,4.09,7.86
2025-01-20T08:00,3.44,7.00
2025-01-20T09:00,3.15,6.85
2025-01-20T10:00,3.22,6.88
2025-01-20T11:00,3.44,7.04
2025-01-20T12:00,3.58,7.18
2025-01-20T13:00,4.66,8.88
2025-01-20T14:00,4.41,8.01
2025-01-20T15:00,4.14,7.00
2025-01-20T16:00,5.69,8.78
2025-01-20T17:00,5.30,8.11
2025-01-20T18:00,4.96,7.54
2025-01-20T19:00,5.11,7.87
2025-01-20T20:00,5.23,8.03
2025-01-20T21:00,4.37,7.29
2025-01-20T22:00,3.38,6.44
2025-01-20T23:00,2.76,6.13
2025-01-21T00:00,2.69,6.42
2025-01-21T01:00,2.89,6.71
2025-01-21T02:00,2.57,6.27
2025-01-21T03:00,2.46,6.12
2025-01-21T04:00,2.93,6.58
2025-01-21T05:00,3.08,6.87
2025-01-21T06:00,3.29,6.97
2025-01-21T07:00,3.23,6.55
2025-01-21T08:00,2.45,5.40
2025-01-21T09:00,2.13,4.83
2025-01-21T10:00,2.37,5.17
2025-01-21T11:00,1.98,4.67
2025-01-21T12:00,2.12,4.73
2025-01-21T13:00,1.65,4.67
2025-01-21T14:00,1.47,2.89
2025-01-21T15:00,1.63,2.48
2025-01-21T16:00,1.72,2.47
2025-01-21T17:00,1.64,2.31
2025-01-21T18:00,1.45,1.98
2025-01-21T19:00,1.06,1.45
2025-01-21T20:00,0.80,1.06
2025-01-21T21:00,1.01,1.59
2025-01-21T22:00,0.54,1.07
2025-01-21T23:00,0.20,0.57
2025-01-22T00:00,0.35,0.85
2025-01-22T01:00,0.76,1.74
2025-01-22T02:00,0.56,1.32
2025-01-22T03:00,0.20,0.47
2025-01-22T04:00,0.69,1.48
2025-01-22T05:00,0.85,1.97
2025-01-22T06:00,1.31,3.47
2025-01-22T07:00,1.33,3.89
2025-01-22T08:00,3.33,7.17
2025-01-22T09:00,3.43,6.93
2025-01-22T10:00,3.56,7.12
2025-01-22T11:00,3.40,6.99
2025-01-22T12:00,3.91,7.74
2025-01-22T13:00,2.77,6.04
2025-01-22T14:00,2.43,4.53
2025-01-22T15:00,2.41,3.72
2025-01-22T16:00,2.06,2.91
2025-01-22T17:00,1.60,2.18
2025-01-22T18:00,1.55,2.11
2025-01-22T19:00,1.77,2.44
2025-01-22T20:00,1.63,2.42
2025-01-22T21:00,0.86,1.72
2025-01-22T22:00,0.32,1.12
2025-01-22T23:00,0.36,1.47
2025-01-23T00:00,0.34,1.43
2025-01-23T01:00,0.96,3.09
2025-01-23T02:00,0.64,2.79
2025-01-23T03:00,1.07,3.50
2025-01-23T04:00,1.32,4.07
2025-01-23T05:00,1.33,4.20
2025-01-23T06:00,1.53,4.46
2025-01-23T07:00,1.25,4.15
2025-01-23T08:00,0.70,3.37
2025-01-23T09:00,0.56,2.93
2025-01-23T10:00,0.76,3.32
2025-01-23T11:00,0.81,3.62
2025-01-23T12:00,1.41,4.42
2025-01-23T13:00,1.22,4.01
2025-01-23T14:00,1.04,4.18
2025-01-23T15:00,1.15,2.23
2025-01-23T16:00,1.50,2.27
2025-01-23T17:00,1.76,2.56
2025-01-23T18:00,1.77,2.62
2025-01-23T19:00,1.17,1.80
2025-01-23T20:00,0.74,1.59
2025-01-23T21:00,0.71,1.56
2025-01-23T22:00,0.21,1.54
2025-01-23T23:00,0.18,1.83
2025-01-24T00:00,0.15,1.91
2025-01-24T01:00,2.09,6.05
2025-01-24T02:00,2.00,6.03
2025-01-24T03:00,2.20,6.32
2025-01-24T04:00,2.87,7.41
2025-01-24T05:00,3.22,7.82
2025-01-24T06:00,3.22,7.68
2025-01-24T07:00,2.80,7.00
2025-01-24T08:00,2.59,6.86
2025-01-24T09:00,1.96,5.94
2025-01-24T10:00,1.30,4.60
2025-01-24T11:00,2.25,6.63
2025-01-24T12:00,3.24,7.54
2025-01-24T13:00,2.11,5.26
2025-01-24T14:00,1.82,4.40
2025-01-24T15:00,1.70,4.87
2025-01-24T16:00,2.33,3.88
2025-01-24T17:00,2.76,4.21
2025-01-24T18:00,2.47,3.74
2025-01-24T19:00,2.53,3.91
2025-01-24T20:00,3.00,4.81
2025-01-24T21:00,2.27,4.41
2025-01-24T22:00,1.59,3.89
2025-01-24T23:00,1.50,4.12
2025-01-25T00:00,1.50,4.05
2025-01-25T01:00,1.63,4.24
2025-01-25T02:00,1.50,4.24
2025-01-25T03:00,0.85,3.24
2025-01-25T04:00,1.74,4.90
2025-01-25T05:00,1.97,5.11
2025-01-25T06:00,1.64,4.36
2025-01-25T07:00,1.56,4.14
2025-01-25T08:00,1.48,3.94
2025-01-25T09:00,1.52,3.96
2025-01-25T10:00,1.70,4.64
2025-01-25T11:00,1.63,4.53
2025-01-25T12:00,1.52,4.15
2025-01-25T13:00,1.42,3.72
2025-01-25T14:00,0.30,2.54
2025-01-25T15:00,1.01,1.55
2025-01-25T16:00,1.92,2.91
2025-01-25T17:00,2.76,4.31
2025-01-25T18:00,3.15,5.01
2025-01-25T19:00,3.13,5.34
2025-01-25T20:00,3.11,5.52
2025-01-25T21:00,2.18,5.19
2025-01-25T22:00,1.97,5.59
2025-01-25T23:00,2.15,6.29
2025-01-26T00:00,2.41,7.01
2025-01-26T01:00,3.26,8.20
2025-01-26T02:00,3.62,8.69
2025-01-26T03:00,4.30,9.42
2025-01-26T04:00,4.44,9.55
2025-01-26T05:00,4.33,9.40
2025-01-26T06:00,4.21,9.34
2025-01-26T07:00,4.11,9.09
2025-01-26T08:00,4.03,8.92
2025-01-26T09:00,4.03,8.75
2025-01-26T10:00,3.76,8.38
2025-01-26T11:00,3.34,7.80
2025-01-26T12:00,3.10,7.28
2025-01-26T13:00,3.45,7.85
2025-01-26T14:00,2.77,6.52
2025-01-26T15:00,1.62,7.34
2025-01-26T16:00,1.26,4.11
2025-01-26T17:00,1.37,3.52
2025-01-26T18:00,4.37,6.85
2025-01-26T19:00,3.93,6.28
2025-01-26T20:00,3.57,6.00
2025-01-26T21:00,2.89,5.54
2025-01-26T22:00,2.04,5.28
2025-01-26T23:00,2.24,6.05
2025-01-27T00:00,2.40,6.29
2025-01-27T01:00,1.64,4.19
2025-01-27T02:00,0.38,2.09
2025-01-27T03:00,0.45,1.24
2025-01-27T04:00,0.86,1.93
2025-01-27T05:00,1.57,3.32
2025-01-27T06:00,1.82,4.35
2025-01-27T07:00,1.88,5.42
2025-01-27T08:00,2.07,6.13
2025-01-27T09:00,2.64,6.99
2025-01-27T10:00,2.85,7.32
2025-01-27T11:00,2.94,7.33
2025-01-27T12:00,2.90,7.27
2025-01-27T13:00,2.52,6.83
2025-01-27T14:00,2.26,7.18
2025-01-27T15:00,2.38,4.94
2025-01-27T16:00,1.92,2.84
2025-01-27T17:00,1.59,2.20
2025-01-27T18:00,2.02,2.80
2025-01-27T19:00,2.74,3.98
2025-01-27T20:00,2.72,4.25
2025-01-27T21:00,1.88,4.30
2025-01-27T22:00,2.87,6.85
2025-01-27T23:00,2.85,7.24
2025-01-28T00:00,2.58,6.85
2025-01-28T01:00,3.07,7.67
2025-01-28T02:00,3.26,7.94
2025-01-28T03:00,3.57,8.25
2025-01-28T04:00,3.20,7.68
2025-01-28T05:00,3.29,7.89
2025-01-28T06:00,3.38,8.04
2025-01-28T07:00,3.11,7.37
2025-01-28T08:00,2.86,6.70
2025-01-28T09:00,3.75,8.00
2025-01-28T10:00,4.22,8.58
2025-01-28T11:00,4.10,8.17
2025-01-28T12:00,3.96,8.00
2025-01-28T13:00,2.43,6.02
2025-01-28T14:00,2.07,4.51
2025-01-28T15:00,2.45,4.48
2025-01-28T16:00,4.62,7.08
2025-01-28T17:00,5.31,8.29
2025-01-28T18:00,4.40,6.60
2025-01-28T19:00,3.66,5.45
2025-01-28T20:00,3.19,4.86
2025-01-28T21:00,2.10,4.00
2025-01-28T22:00,0.89,2.94
2025-01-28T23:00,0.56,1.60
2025-01-29T00:00,1.81,4.50
2025-01-29T01:00,1.75,4.79
2025-01-29T02:00,3.40,8.35
2025-01-29T03:00,5.01,10.65
2025-01-29T04:00,4.89,10.26
2025-01-29T05:00,5.30,10.84
2025-01-29T06:00,5.59,11.18
2025-01-29T07:00,5.45,10.95
2025-01-29T08:00,5.16,10.53
2025-01-29T09:00,4.81,10.06
2025-01-29T10:00,4.42,9.46
2025-01-29T11:00,4.28,9.25
2025-01-29T12:00,4.24,9.17
2025-01-29T13:00,3.89,8.66
2025-01-29T14:00,4.00,8.06
2025-01-29T15:00,2.93,8.44
2025-01-29T16:00,2.22,4.11
2025-01-29T17:00,6.10,9.52
2025-01-29T18:00,8.13,12.53
2025-01-29T19:00,7.60,11.82
2025-01-29T20:00,7.39,12.04
2025-01-29T21:00,6.21,10.54
2025-01-29T22:00,5.64,9.97
2025-01-29T23:00,5.40,9.87
2025-01-30T00:00,5.30,9.73
2025-01-30T01:00,3.67,7.72
2025-01-30T02:00,3.28,7.36
2025-01-30T03:00,3.74,8.14
2025-01-30T04:00,4.52,9.03
2025-01-30T05:00,4.25,8.45
2025-01-30T06:00,2.57,6.32
2025-01-30T07:00,2.13,5.53
2025-01-30T08:00,2.87,6.76
2025-01-30T09:00,2.84,6.56
2025-01-30T10:00,2.09,5.39
2025-01-30T11:00,1.57,4.54
2025-01-30T12:00,1.29,3.69
2025-01-30T13:00,0.54,1.70
2025-01-30T14:00,0.97,1.80
2025-01-30T15:00,0.67,1.20
2025-01-30T16:00,1.18,1.57
2025-01-30T17:00,1.70,2.41
2025-01-30T18:00,1.26,1.89
2025-01-30T19:00,1.76,2.55
2025-01-30T20:00,3.20,4.95
2025-01-30T21:00,2.01,4.20
2025-01-30T22:00,2.34,5.69
2025-01-30T23:00,2.65,6.48
2025-01-31T00:00,3.04,6.82
2025-01-31T01:00,3.05,6.88
2025-01-31T02:00,2.92,6.94
2025-01-31T03:00,3.01,7.13
2025-01-31T04:00,2.96,7.11
2025-01-31T05:00,3.96,8.33
2025-01-31T06:00,4.60,8.79
2025-01-31T07:00,3.85,8.23
2025-01-31T08:00,3.73,7.66
2025-01-31T09:00,3.93,8.37
2025-01-31T10:00,3.34,7.29
2025-01-31T11:00,2.80,6.29
2025-01-31T12:00,2.86,6.66
2025-01-31T13:00,4.24,8.43
2025-01-31T14:00,4.55,8.71
2025-01-31T15:00,4.74,9.04
2025-01-31T16:00,5.25,9.75
2025-01-31T17:00,6.51,11.86
2025-01-31T18:00,6.33,11.49
2025-01-31T19:00,5.59,10.28
2025-01-31T20:00,5.53,9.76
2025-01-31T21:00,3.69,7.29
2025-01-31T22:00,3.98,8.07
2025-01-31T23:00,4.35,9.06
2025-02-01T00:00,4.74,9.84
2025-02-01T01:00,4.34,9.01
2025-02-01T02:00,3.69,8.15
2025-02-01T03:00,3.66,8.28
2025-02-01T04:00,2.96,7.12
2025-02-01T05:00,2.61,6.64
2025-02-01T06:00,2.62,6.35
2025-02-01T07:00,4.13,8.63
2025-02-01T08:00,4.48,8.97
2025-02-01T09:00,5.39,10.15
2025-02-01T10:00,6.19,11.00
2025-02-01T11:00,5.42,9.30
2025-02-01T12:00,5.08,8.62
2025-02-01T13:00,3.99,7.08
2025-02-01T14:00,3.97,6.47
2025-02-01T15:00,5.95,9.09
2025-02-01T16:00,5.91,9.05
2025-02-01T17:00,5.43,8.14
2025-02-01T18:00,5.03,7.47
2025-02-01T19:00,4.38,6.47
2025-02-01T20:00,4.00,5.91
2025-02-01T21:00,4.15,6.33
2025-02-01T22:00,3.51,6.32
2025-02-01T23:00,3.21,6.40
2025-02-02T00:00,3.12,6.34
2025-02-02T01:00,1.79,4.51
2025-02-02T02:00,2.36,5.33
2025-02-02T03:00,2.50,5.66
2025-02-02T04:00,2.60,5.70
2025-02-02T05:00,2.59,5.58
2025-02-02T06:00,2.66,5.52
2025-02-02T07:00,2.86,5.73
2025-02-02T08:00,2.67,5.32
2025-02-02T09:00,2.37,4.73
2025-02-02T10:00,2.28,4.54
2025-02-02T11:00,2.18,4.34
2025-02-02T12:00,2.12,4.31
2025-02-02T13:00,2.16,3.56
2025-02-02T14:00,2.25,3.45
2025-02-02T15:00,2.15,3.19
2025-02-02T16:00,2.10,2.95
2025-02-02T17:00,2.57,3.69
2025-02-02T18:00,2.73,4.02
2025-02-02T19:00,2.68,3.97
2025-02-02T20:00,2.85,4.21
2025-02-02T21:00,2.83,4.51
2025-02-02T22:00,3.43,6.18
2025-02-02T23:00,3.03,6.13
2025-02-03T00:00,2.46,5.79
2025-02-03T01:00,2.11,5.25
2025-02-03T02:00,2.41,5.63
2025-02-03T03:00,2.51,6.20
2025-02-03T04:00,3.01,6.75
2025-02-03T05:00,3.32,7.27
2025-02-03T06:00,3.28,7.32
2025-02-03T07:00,2.23,6.02
2025-02-03T08:00,1.77,5.32
2025-02-03T09:00,1.48,4.73
2025-02-03T10:00,1.46,4.50
2025-02-03T11:00,1.66,4.65
2025-02-03T12:00,1.63,4.72
2025-02-03T13:00,1.43,3.07
2025-02-03T14:00,0.82,2.68
2025-02-03T15:00,0.81,1.46
2025-02-03T16:00,1.22,1.89
2025-02-03T17:00,1.23,1.88
2025-02-03T18:00,1.52,2.45
2025-02-03T19:00,1.20,2.58
2025-02-03T20:00,1.81,3.05
2025-02-03T21:00,2.21,5.99
2025-02-03T22:00,3.08,7.58
2025-02-03T23:00,4.22,9.20
2025-02-04T00:00,4.52,9.71
2025-02-04T01:00,3.99,9.36
2025-02-04T02:00,4.39,9.75
2025-02-04T03:00,4.76,10.14
2025-02-04T04:00,4.95,10.35
2025-02-04T05:00,4.84,10.18
2025-02-04T06:00,4.14,9.36
2025-02-04T07:00,3.68,8.64
2025-02-04T08:00,3.20,7.94
2025-02-04T09:00,2.56,6.74
2025-02-04T10:00,2.58,6.69
2025-02-04T11:00,2.55,6.86
2025-02-04T12:00,2.97,7.33
2025-02-04T13:00,3.50,7.53
2025-02-04T14:00,4.72,9.32
2025-02-04T15:00,6.16,11.39
2025-02-04T16:00,6.54,10.26
2025-02-04T17:00,6.97,10.78
2025-02-04T18:00,6.77,10.32
2025-02-04T19:00,5.98,9.17
2025-02-04T20:00,5.35,8.17
2025-02-04T21:00,4.78,7.59
2025-02-04T22:00,3.87,7.08
2025-02-04T23:00,2.87,6.30
2025-02-05T00:00,2.23,5.61
2025-02-05T01:00,1.98,5.17
2025-02-05T02:00,2.51,5.89
2025-02-05T03:00,2.84,6.48
2025-02-05T04:00,2.86,6.37
2025-02-05T05:00,2.83,6.11
2025-02-05T06:00,2.85,5.82
2025-02-05T07:00,2.95,5.70
2025-02-05T08:00,2.46,4.93
2025-02-05T09:00,2.15,4.41
2025-02-05T10:00,1.59,3.60
2025-02-05T11:00,1.59,3.56
2025-02-05T12:00,1.91,3.88
2025-02-05T13:00,2.00,4.33
2025-02-05T14:00,1.72,2.89
2025-02-05T15:00,1.78,2.62
2025-02-05T16:00,1.39,1.97
2025-02-05T17:00,1.17,1.66
2025-02-05T18:00,0.95,1.30
2025-02-05T19:00,1.02,1.37
2025-02-05T20:00,1.36,1.90
2025-02-05T21:00,1.84,2.66
2025-02-05T22:00,2.28,3.60
2025-02-05T23:00,2.40,4.03
2025-02-06T00:00,2.06,3.73
2025-02-06T01:00,2.18,4.10
2025-02-06T02:00,1.67,3.23
2025-02-06T03:00,2.00,3.73
2025-02-06T04:00,2.21,4.46
2025-02-06T05:00,2.36,4.54
2025-02-06T06:00,3.72,6.50
2025-02-06T07:00,3.29,5.93
2025-02-06T08:00,3.73,6.77
2025-02-06T09:00,2.26,3.81
2025-02-06T10:00,1.81,3.62
2025-02-06T11:00,1.91,3.75
2025-02-06T12:00,2.66,5.12
2025-02-06T13:00,2.93,5.44
2025-02-06T14:00,3.04,5.30
2025-02-06T15:00,2.34,5.70
2025-02-06T16:00,3.72,6.35
2025-02-06T17:00,4.36,6.24
2025-02-06T18:00,6.51,9.80
2025-02-06T19:00,4.82,7.67
2025-02-06T20:00,3.72,6.08
2025-02-06T21:00,2.66,4.54
2025-02-06T22:00,4.03,8.26
2025-02-06T23:00,4.00,8.56
2025-02-07T00:00,3.78,8.43
2025-02-07T01:00,2.68,6.86
2025-02-07T02:00,2.73,7.07
2025-02-07T03:00,3.07,7.30
2025-02-07T04:00,2.89,6.83
2025-02-07T05:00,3.01,6.64
2025-02-07T06:00,3.44,7.30
2025-02-07T07:00,5.27,10.60
2025-02-07T08:00,4.85,9.70
2025-02-07T09:00,6.41,12.07
2025-02-07T10:00,7.43,13.47
2025-02-07T11:00,6.68,12.13
2025-02-07T12:00,4.97,9.49
2025-02-07T13:00,4.90,9.26
2025-02-07T14:00,3.50,6.58
2025-02-07T15:00,4.80,7.54
2025-02-07T16:00,4.94,7.50
2025-02-07T17:00,5.15,7.89
2025-02-07T18:00,4.47,6.77
2025-02-07T19:00,4.42,6.61
2025-02-07T20:00,4.30,6.42
2025-02-07T21:00,4.24,6.56
2025-02-07T22:00,3.45,6.15
2025-02-07T23:00,3.19,6.48
2025-02-08T00:00,3.84,7.55
2025-02-08T01:00,2.76,6.40
2025-02-08T02:00,2.15,5.45
2025-02-08T03:00,2.44,5.61
2025-02-08T04:00,1.94,5.11
2025-02-08T05:00,1.26,3.83
2025-02-08T06:00,1.12,3.27
2025-02-08T07:00,1.21,3.48
2025-02-08T08:00,1.10,3.11
2025-02-08T09:00,1.01,2.74
2025-02-08T10:00,1.88,4.02
2025-02-08T11:00,1.66,3.84
2025-02-08T12:00,1.76,3.57
2025-02-08T13:00,1.83,3.62
2025-02-08T14:00,1.79,3.35
2025-02-08T15:00,2.11,3.15
2025-02-08T16:00,2.52,3.80
2025-02-08T17:00,2.44,3.58
2025-02-08T18:00,2.76,4.36
2025-02-08T19:00,2.79,4.04
2025-02-08T20:00,2.70,4.04
2025-02-08T21:00,3.54,6.05
2025-02-08T22:00,3.43,5.81
2025-02-08T23:00,3.40,6.04
2025-02-09T00:00,3.31,5.78
2025-02-09T01:00,3.51,6.34
2025-02-09T02:00,3.06,6.34
2025-02-09T03:00,2.91,7.35
2025-02-09T04:00,4.09,7.38
2025-02-09T05:00,4.72,8.96
2025-02-09T06:00,3.93,7.49
2025-02-09T07:00,4.10,8.01
2025-02-09T08:00,3.30,6.96
2025-02-09T09:00,3.05,6.78
2025-02-09T10:00,3.28,7.60
2025-02-09T11:00,6.23,11.33
2025-02-09T12:00,6.51,11.49
2025-02-09T13:00,5.71,10.34
2025-02-09T14:00,4.89,8.72
2025-02-09T15:00,5.80,9.06
2025-02-09T16:00,5.62,8.63
2025-02-09T17:00,5.49,8.35
2025-02-09T18:00,5.06,7.64
2025-02-09T19:00,4.89,7.46
2025-02-09T20:00,4.45,6.95
2025-02-09T21:00,3.61,6.12
2025-02-09T22:00,2.61,5.39
2025-02-09T23:00,2.02,5.34
2025-02-10T00:00,2.40,6.05
2025-02-10T01:00,2.34,5.34
2025-02-10T02:00,2.29,4.93
2025-02-10T03:00,2.85,5.61
2025-02-10T04:00,2.75,5.47
2025-02-10T05:00,2.97,5.85
2025-02-10T06:00,2.93,5.72
2025-02-10T07:00,2.44,4.91
2025-02-10T08:00,2.40,4.97
2025-02-10T09:00,2.26,4.92
2025-02-10T10:00,2.41,5.04
2025-02-10T11:00,2.23,4.72
2025-02-10T12:00,2.17,4.47
2025-02-10T13:00,2.21,4.52
2025-02-10T14:00,2.38,3.68
2025-02-10T15:00,2.53,3.56
2025-02-10T16:00,2.90,4.08
2025-02-10T17:00,2.84,4.03
2025-02-10T18:00,2.86,4.10
2025-02-10T19:00,2.97,4.21
2025-02-10T20:00,3.60,5.25
2025-02-10T21:00,3.27,4.90
2025-02-10T22:00,2.16,4.31
2025-02-10T23:00,2.00,5.00
2025-02-11T00:00,2.99,6.66
2025-02-11T01:00,1.86,5.18
2025-02-11T02:00,1.65,4.78
2025-02-11T03:00,1.75,4.88
2025-02-11T04:00,1.35,4.10
2025-02-11T05:00,1.00,3.15
2025-02-11T06:00,0.59,1.70
2025-02-11T07:00,0.35,0.61
2025-02-11T08:00,0.39,0.81
2025-02-11T09:00,0.90,1.69
2025-02-11T10:00,0.65,1.81
2025-02-11T11:00,0.98,2.58
2025-02-11T12:00,1.28,3.31
2025-02-11T13:00,1.30,2.39
2025-02-11T14:00,1.11,1.75
2025-02-11T15:00,1.48,2.17
2025-02-11T16:00,1.84,2.61
2025-02-11T17:00,2.20,3.16
2025-02-11T18:00,2.38,3.40
2025-02-11T19:00,2.25,3.21
2025-02-11T20:00,2.30,3.36
2025-02-11T21:00,1.98,2.90
2025-02-11T22:00,1.66,2.72
2025-02-11T23:00,1.49,2.50
2025-02-12T00:00,1.97,3.35
2025-02-12T01:00,1.82,3.44
2025-02-12T02:00,1.68,3.33
2025-02-12T03:00,2.30,4.11
2025-02-12T04:00,2.65,4.71
2025-02-12T05:00,2.27,4.34
2025-02-12T06:00,2.62,4.99
2025-02-12T07:00,2.47,4.72
2025-02-12T08:00,2.39,4.64
2025-02-12T09:00,2.29,4.36
2025-02-12T10:00,2.25,4.31
2025-02-12T11:00,2.57,4.70
2025-02-12T12:00,2.55,4.88
2025-02-12T13:00,1.99,3.96
2025-02-12T14:00,2.35,3.79
2025-02-12T15:00,2.86,4.46
2025-02-12T16:00,3.07,4.66
2025-02-12T17:00,2.78,4.30
2025-02-12T18:00,2.01,3.21
2025-02-12T19:00,1.71,3.32
2025-02-12T20:00,1.77,3.59
2025-02-12T21:00,2.30,4.81
2025-02-12T22:00,1.93,4.28
2025-02-12T23:00,2.45,5.22
2025-02-13T00:00,2.72,5.80
2025-02-13T01:00,2.90,5.96
2025-02-13T02:00,1.78,4.46
2025-02-13T03:00,2.07,4.87
2025-02-13T04:00,2.38,5.35
2025-02-13T05:00,2.28,5.24
2025-02-13T06:00,1.10,3.42
2025-02-13T07:00,1.03,3.07
2025-02-13T08:00,1.44,3.41
2025-02-13T09:00,0.99,2.95
2025-02-13T10:00,1.77,4.18
2025-02-13T11:00,0.62,1.99
2025-02-13T12:00,1.50,4.14
2025-02-13T13:00,2.48,5.60
2025-02-13T14:00,3.82,7.76
2025-02-13T15:00,3.32,7.03
2025-02-13T16:00,2.97,6.62
2025-02-13T17:00,2.67,6.08
2025-02-13T18:00,1.62,3.82
2025-02-13T19:00,1.43,3.34
2025-02-13T20:00,5.03,9.13
2025-02-13T21:00,6.11,10.31
2025-02-13T22:00,6.87,11.70
2025-02-13T23:00,6.65,11.51
2025-02-14T00:00,5.84,10.26
2025-02-14T01:00,7.21,12.50
2025-02-14T02:00,6.24,11.03
2025-02-14T03:00,5.38,9.67
2025-02-14T04:00,5.05,9.36
2025-02-14T05:00,5.82,10.41
2025-02-14T06:00,5.77,10.46
2025-02-14T07:00,5.81,10.46
2025-02-14T08:00,6.62,11.59
2025-02-14T09:00,6.06,10.60
2025-02-14T10:00,6.72,11.53
2025-02-14T11:00,6.12,10.65
2025-02-14T12:00,4.95,8.84
2025-02-14T13:00,3.93,7.32
2025-02-14T14:00,3.93,6.44
2025-02-14T15:00,4.60,6.84
2025-02-14T16:00,4.21,6.14
2025-02-14T17:00,4.37,6.33
2025-02-14T18:00,3.86,5.60
2025-02-14T19:00,3.29,4.78
2025-02-14T20:00,3.13,4.49
2025-02-14T21:00,2.78,4.16
2025-02-14T22:00,1.32,2.69
2025-02-14T23:00,0.56,2.11
2025-02-15T00:00,0.29,0.62
2025-02-15T01:00,0.52,1.48
2025-02-15T02:00,0.46,1.55
2025-02-15T03:00,1.46,3.89
2025-02-15T04:00,1.73,4.71
2025-02-15T05:00,1.35,3.90
2025-02-15T06:00,1.41,3.69
2025-02-15T07:00,2.08,4.72
2025-02-15T08:00,1.88,4.92
2025-02-15T09:00,2.33,5.17
2025-02-15T10:00,2.02,4.56
2025-02-15T11:00,2.55,5.68
2025-02-15T12:00,2.98,6.15
2025-02-15T13:00,3.21,6.37
2025-02-15T14:00,2.15,6.60
2025-02-15T15:00,1.82,4.60
2025-02-15T16:00,1.77,3.01
2025-02-15T17:00,1.95,3.16
2025-02-15T18:00,2.03,5.12
2025-02-15T19:00,3.11,6.12
2025-02-15T20:00,3.62,7.21
2025-02-15T21:00,2.59,5.78
2025-02-15T22:00,3.16,6.43
2025-02-15T23:00,3.17,6.67
2025-02-16T00:00,3.00,6.62
2025-02-16T01:00,0.81,3.11
2025-02-16T02:00,2.04,4.83
2025-02-16T03:00,2.80,6.04
2025-02-16T04:00,2.40,5.71
2025-02-16T05:00,2.70,5.82
2025-02-16T06:00,3.12,6.22
2025-02-16T07:00,3.57,7.08
2025-02-16T08:00,4.25,8.30
2025-02-16T09:00,4.41,8.32
2025-02-16T10:00,4.48,8.44
2025-02-16T11:00,4.77,8.97
2025-02-16T12:00,5.46,10.25
2025-02-16T13:00,6.08,10.76
2025-02-16T14:00,6.04,10.61
2025-02-16T15:00,4.23,7.98
2025-02-16T16:00,5.00,9.55
2025-02-16T17:00,4.33,8.03
2025-02-16T18:00,6.32,10.92
2025-02-16T19:00,7.25,12.65
2025-02-16T20:00,9.17,15.45
2025-02-16T21:00,11.02,17.96
2025-02-16T22:00,9.25,15.25
2025-02-16T23:00,8.60,14.39
2025-02-17T00:00,7.99,13.43
2025-02-17T01:00,6.60,11.31
2025-02-17T02:00,5.68,9.59
2025-02-17T03:00,7.24,12.33
2025-02-17T04:00,6.67,11.17
2025-02-17T05:00,6.49,10.45
2025-02-17T06:00,6.03,9.99
2025-02-17T07:00,7.13,11.68
2025-02-17T08:00,7.11,12.12
2025-02-17T09:00,6.18,11.14
2025-02-17T10:00,5.96,10.55
2025-02-17T11:00,5.80,9.80
2025-02-17T12:00,5.79,9.46
2025-02-17T13:00,4.62,8.52
2025-02-17T14:00,6.47,10.13
2025-02-17T15:00,7.54,11.46
2025-02-17T16:00,6.57,10.11
2025-02-17T17:00,6.78,10.31
2025-02-17T18:00,7.08,10.72
2025-02-17T19:00,6.74,10.22
2025-02-17T20:00,6.54,10.04
2025-02-17T21:00,6.30,9.72
2025-02-17T22:00,5.57,9.13
2025-02-17T23:00,4.82,8.60
2025-02-18T00:00,4.75,8.53
2025-02-18T01:00,3.98,7.76
2025-02-18T02:00,4.88,9.00
2025-02-18T03:00,5.34,9.60
2025-02-18T04:00,5.45,9.69
2025-02-18T05:00,5.39,9.48
2025-02-18T06:00,4.97,8.94
2025-02-18T07:00,4.42,8.11
2025-02-18T08:00,4.25,7.66
2025-02-18T09:00,4.24,7.54
2025-02-18T10:00,3.78,6.79
2025-02-18T11:00,3.14,5.53
2025-02-18T12:00,3.12,5.16
2025-02-18T13:00,3.92,6.29
2025-02-18T14:00,4.60,6.97
2025-02-18T15:00,4.61,6.81
2025-02-18T16:00,4.54,6.73
2025-02-18T17:00,4.69,6.84
2025-02-18T18:00,4.61,6.75
2025-02-18T19:00,4.65,6.86
2025-02-18T20:00,4.78,7.21
2025-02-18T21:00,5.06,7.73
2025-02-18T22:00,4.00,6.59
2025-02-18T23:00,3.97,7.07
2025-02-19T00:00,3.95,7.21
2025-02-19T01:00,3.04,6.06
2025-02-19T02:00,3.25,6.11
2025-02-19T03:00,3.94,7.03
2025-02-19T04:00,4.71,8.02
2025-02-19T05:00,4.54,7.57
2025-02-19T06:00,4.02,6.58
2025-02-19T07:00,3.72,5.87
2025-02-19T08:00,3.35,5.23
2025-02-19T09:00,3.21,4.90
2025-02-19T10:00,3.10,4.70
2025-02-19T11:00,2.93,4.32
2025-02-19T12:00,2.73,4.12
2025-02-19T13:00,2.82,4.14
2025-02-19T14:00,2.02,2.91
2025-02-19T15:00,2.18,3.11
2025-02-19T16:00,1.96,2.78
2025-02-19T17:00,1.68,2.37
2025-02-19T18:00,1.46,2.02
2025-02-19T19:00,1.46,2.01
2025-02-19T20:00,1.24,1.70
2025-02-19T21:00,1.14,1.54
2025-02-19T22:00,1.02,1.42
2025-02-19T23:00,1.08,1.49
2025-02-20T00:00,1.10,1.50
2025-02-20T01:00,1.46,3.49
2025-02-20T02:00,1.45,3.85
2025-02-20T03:00,1.63,4.56
2025-02-20T04:00,2.32,5.89
2025-02-20T05:00,2.40,5.97
2025-02-20T06:00,2.25,5.79
2025-02-20T07:00,2.50,6.25
2025-02-20T08:00,2.82,6.55
2025-02-20T09:00,2.61,6.28
2025-02-20T10:00,2.81,6.40
2025-02-20T11:00,2.63,6.21
2025-02-20T12:00,2.93,6.08
2025-02-20T13:00,1.97,5.69
2025-02-20T14:00,2.98,4.84
2025-02-20T15:00,4.04,6.23
2025-02-20T16:00,5.20,7.82
2025-02-20T17:00,5.56,8.35
2025-02-20T18:00,5.93,8.96
2025-02-20T19:00,6.55,10.02
2025-02-20T20:00,6.75,10.56
2025-02-20T21:00,6.59,10.33
2025-02-20T22:00,5.99,10.15
2025-02-20T23:00,5.44,9.60
2025-02-21T00:00,5.44,9.70
2025-02-21T01:00,5.50,9.36
2025-02-21T02:00,5.83,9.83
2025-02-21T03:00,5.89,10.12
2025-02-21T04:00,6.16,10.76
2025-02-21T05:00,6.19,11.74
2025-02-21T06:00,6.02,11.29
2025-02-21T07:00,5.88,11.20
2025-02-21T08:00,5.64,10.88
2025-02-21T09:00,5.86,11.33
2025-02-21T10:00,5.56,11.01
2025-02-21T11:00,5.38,10.50
2025-02-21T12:00,5.30,10.32
2025-02-21T13:00,5.38,9.20
2025-02-21T14:00,7.18,11.32
2025-02-21T15:00,7.50,11.60
2025-02-21T16:00,7.14,10.86
2025-02-21T17:00,6.86,10.36
2025-02-21T18:00,6.72,10.01
2025-02-21T19:00,6.68,10.08
2025-02-21T20:00,6.44,9.80
2025-02-21T21:00,6.26,9.69
2025-02-21T22:00,5.42,9.13
2025-02-21T23:00,5.13,9.05
2025-02-22T00:00,4.95,8.85
2025-02-22T01:00,3.96,7.57
2025-02-22T02:00,4.47,8.21
2025-02-22T03:00,4.59,8.28
2025-02-22T04:00,4.04,7.49
2025-02-22T05:00,3.80,7.16
2025-02-22T06:00,3.54,6.73
2025-02-22T07:00,2.73,5.60
2025-02-22T08:00,2.20,4.80
2025-02-22T09:00,2.02,4.56
2025-02-22T10:00,2.09,4.74
2025-02-22T11:00,1.81,4.49
2025-02-22T12:00,1.37,3.90
2025-02-22T13:00,1.71,4.37
2025-02-22T14:00,1.53,2.45
2025-02-22T15:00,1.69,2.41
2025-02-22T16:00,1.78,2.49
2025-02-22T17:00,1.82,2.53
2025-02-22T18:00,1.95,2.73
2025-02-22T19:00,2.22,3.14
2025-02-22T20:00,2.45,3.58
2025-02-22T21:00,2.19,3.91
2025-02-22T22:00,1.49,3.99
2025-02-22T23:00,1.75,5.00
2025-02-23T00:00,1.98,5.41
2025-02-23T01:00,1.99,5.56
2025-02-23T02:00,2.22,5.85
2025-02-23T03:00,2.49,6.31
2025-02-23T04:00,2.57,6.39
2025-02-23T05:00,2.37,5.99
2025-02-23T06:00,1.99,5.38
2025-02-23T07:00,2.12,5.47
2025-02-23T08:00,2.38,5.99
2025-02-23T09:00,2.99,7.15
2025-02-23T10:00,3.09,7.11
2025-02-23T11:00,3.00,6.82
2025-02-23T12:00,2.82,6.44
2025-02-23T13:00,2.93,6.01
2025-02-23T14:00,2.97,4.75
2025-02-23T15:00,3.80,5.66
2025-02-23T16:00,2.89,4.25
2025-02-23T17:00,2.46,3.53
2025-02-23T18:00,2.41,3.48
2025-02-23T19:00,2.23,3.21
2025-02-23T20:00,2.13,3.05
2025-02-23T21:00,1.92,2.78
2025-02-23T22:00,0.82,2.10
2025-02-23T23:00,1.35,2.87
2025-02-24T00:00,1.43,3.22
2025-02-24T01:00,1.19,3.10
2025-02-24T02:00,1.70,5.02
2025-02-24T03:00,0.67,3.50
2025-02-24T04:00,0.28,0.92
2025-02-24T05:00,0.10,1.14
2025-02-24T06:00,0.34,0.93
2025-02-24T07:00,0.05,0.60
2025-02-24T08:00,0.39,0.65
2025-02-24T09:00,1.07,1.67
2025-02-24T10:00,1.19,2.37
2025-02-24T11:00,1.06,2.59
2025-02-24T12:00,1.04,2.28
2025-02-24T13:00,1.29,2.62
2025-02-24T14:00,0.49,1.27
2025-02-24T15:00,1.01,1.50
2025-02-24T16:00,1.33,1.94
2025-02-24T17:00,2.00,2.87
2025-02-24T18:00,2.28,3.27
2025-02-24T19:00,2.61,3.77
2025-02-24T20:00,3.08,4.51
2025-02-24T21:00,3.23,5.21
2025-02-24T22:00,2.34,5.25
2025-02-24T23:00,2.73,6.89
2025-02-25T00:00,3.24,7.86
2025-02-25T01:00,3.22,7.66
2025-02-25T02:00,3.32,7.91
2025-02-25T03:00,3.26,7.66
2025-02-25T04:00,3.35,7.86
2025-02-25T05:00,3.23,7.65
2025-02-25T06:00,3.34,7.93
2025-02-25T07:00,3.17,7.61
2025-02-25T08:00,2.84,7.14
2025-02-25T09:00,2.32,6.35
2025-02-25T10:00,2.31,5.76
2025-02-25T11:00,1.82,5.41
2025-02-25T12:00,1.52,4.58
2025-02-25T13:00,1.88,3.70
2025-02-25T14:00,1.14,3.54
2025-02-25T15:00,0.96,1.63
2025-02-25T16:00,1.20,1.86
2025-02-25T17:00,1.45,2.26
2025-02-25T18:00,1.36,1.92
2025-02-25T19:00,1.50,2.26
2025-02-25T20:00,1.79,2.62
2025-02-25T21:00,0.60,0.91
2025-02-25T22:00,0.81,2.34
2025-02-25T23:00,0.25,1.66
2025-02-26T00:00,1.00,3.16
2025-02-26T01:00,2.11,5.91
2025-02-26T02:00,2.45,6.62
2025-02-26T03:00,1.68,5.06
2025-02-26T04:00,1.17,3.60
2025-02-26T05:00,1.09,2.77
2025-02-26T06:00,1.91,3.10
2025-02-26T07:00,2.27,4.20
2025-02-26T08:00,2.55,5.55
2025-02-26T09:00,2.69,6.51
2025-02-26T10:00,2.69,6.68
2025-02-26T11:00,2.72,6.55
2025-02-26T12:00,2.76,6.52
2025-02-26T13:00,2.82,6.11
2025-02-26T14:00,1.70,4.67
2025-02-26T15:00,1.25,2.31
2025-02-26T16:00,2.55,3.59
2025-02-26T17:00,3.06,4.35
2025-02-26T18:00,3.06,4.36
2025-02-26T19:00,2.50,3.51
2025-02-26T20:00,2.46,3.60
2025-02-26T21:00,1.54,2.55
2025-02-26T22:00,0.92,1.05
2025-02-26T23:00,1.93,5.69
2025-02-27T00:00,2.77,6.71
2025-02-27T01:00,3.48,7.74
2025-02-27T02:00,2.77,6.83
2025-02-27T03:00,2.14,5.67
2025-02-27T04:00,1.74,5.23
2025-02-27T05:00,0.96,3.50
2025-02-27T06:00,2.10,5.51
2025-02-27T07:00,3.05,7.54
2025-02-27T08:00,3.90,8.68
2025-02-27T09:00,4.62,9.77
2025-02-27T10:00,5.05,10.31
2025-02-27T11:00,4.29,8.97
2025-02-27T12:00,2.57,6.34
2025-02-27T13:00,2.99,6.94
2025-02-27T14:00,2.55,5.94
2025-02-27T15:00,2.76,6.12
2025-02-27T16:00,3.59,7.47
2025-02-27T17:00,3.75,9.28
2025-02-27T18:00,3.36,8.29
2025-02-27T19:00,2.30,6.20
2025-02-27T20:00,3.17,5.81
2025-02-27T21:00,3.61,6.44
2025-02-27T22:00,3.96,7.49
2025-02-27T23:00,5.33,9.72
2025-02-28T00:00,5.87,10.55
2025-02-28T01:00,5.15,9.47
2025-02-28T02:00,4.83,9.18
2025-02-28T03:00,3.74,7.80
2025-02-28T04:00,3.99,8.23
2025-02-28T05:00,3.38,7.46
2025-02-28T06:00,2.95,6.76
2025-02-28T07:00,2.98,6.80
2025-02-28T08:00,5.01,9.33
2025-02-28T09:00,5.37,9.68
2025-02-28T10:00,5.21,9.35
2025-02-28T11:00,4.49,8.20
2025-02-28T12:00,4.49,8.19
2025-02-28T13:00,4.58,7.99
2025-02-28T14:00,5.31,8.22
2025-02-28T15:00,5.12,7.63
2025-02-28T16:00,4.57,6.65
2025-02-28T17:00,4.04,5.87
2025-02-28T18:00,3.80,5.61
2025-02-28T19:00,3.36,4.90
2025-02-28T20:00,3.40,4.99
2025-02-28T21:00,3.53,5.35
2025-02-28T22:00,2.80,5.17
2025-02-28T23:00,2.20,5.48
2025-03-01T00:00,3.31,7.54
2025-03-01T01:00,4.32,9.12
2025-03-01T02:00,4.51,9.26
2025-03-01T03:00,4.51,9.30
2025-03-01T04:00,4.53,9.34
2025-03-01T05:00,5.17,10.26
2025-03-01T06:00,5.17,10.36
2025-03-01T07:00,5.02,10.11
2025-03-01T08:00,4.66,9.58
2025-03-01T09:00,4.39,9.20
2025-03-01T10:00,4.20,8.94
2025-03-01T11:00,4.12,8.84
2025-03-01T12:00,4.05,8.75
2025-03-01T13:00,4.35,8.92
2025-03-01T14:00,3.48,10.30
2025-03-01T15:00,3.86,6.29
2025-03-01T16:00,4.11,6.27
2025-03-01T17:00,7.25,11.06
2025-03-01T18:00,7.57,11.55
2025-03-01T19:00,7.30,11.24
2025-03-01T20:00,7.71,11.86
2025-03-01T21:00,7.92,12.33
2025-03-01T22:00,6.86,11.06
2025-03-01T23:00,7.29,12.24
2025-03-02T00:00,8.18,13.77
2025-03-02T01:00,9.78,16.16
2025-03-02T02:00,8.60,14.37
2025-03-02T03:00,8.36,13.98
2025-03-02T04:00,7.95,13.47
2025-03-02T05:00,6.42,11.07
2025-03-02T06:00,5.35,8.98
2025-03-02T07:00,4.40,7.43
2025-03-02T08:00,3.89,6.54
2025-03-02T09:00,3.91,6.69
2025-03-02T10:00,4.29,7.23
2025-03-02T11:00,3.64,6.29
2025-03-02T12:00,3.13,5.46
2025-03-02T13:00,3.90,5.95
2025-03-02T14:00,3.95,5.81
2025-03-02T15:00,4.03,5.88
2025-03-02T16:00,3.75,5.44
2025-03-02T17:00,3.47,4.95
2025-03-02T18:00,3.44,4.85
2025-03-02T19:00,3.23,4.58
2025-03-02T20:00,3.16,4.52
2025-03-02T21:00,3.00,4.36
2025-03-02T22:00,2.48,3.84
2025-03-02T23:00,0.85,2.62
2025-03-03T00:00,0.25,1.77
2025-03-03T01:00,1.55,4.35
2025-03-03T02:00,1.84,4.93
2025-03-03T03:00,1.74,4.90
2025-03-03T04:00,1.31,3.99
2025-03-03T05:00,1.10,2.86
2025-03-03T06:00,1.59,3.94
2025-03-03T07:00,1.85,4.45
2025-03-03T08:00,2.24,5.04
2025-03-03T09:00,2.11,4.89
2025-03-03T10:00,1.90,4.59
2025-03-03T11:00,2.04,4.78
2025-03-03T12:00,2.15,4.67
2025-03-03T13:00,1.57,3.66
2025-03-03T14:00,2.26,3.38
2025-03-03T15:00,1.78,2.54
2025-03-03T16:00,1.86,2.60
2025-03-03T17:00,2.01,2.80
2025-03-03T18:00,2.03,2.84
2025-03-03T19:00,1.99,2.79
2025-03-03T20:00,1.68,2.39
2025-03-03T21:00,1.40,2.00
2025-03-03T22:00,0.65,1.00
2025-03-03T23:00,1.14,2.23
2025-03-04T00:00,1.14,2.57
2025-03-04T01:00,1.72,4.47
2025-03-04T02:00,1.92,5.17
2025-03-04T03:00,1.97,5.59
2025-03-04T04:00,1.99,5.66
2025-03-04T05:00,2.09,5.61
2025-03-04T06:00,2.29,5.85
2025-03-04T07:00,2.35,5.97
2025-03-04T08:00,2.25,5.67
2025-03-04T09:00,2.30,5.48
2025-03-04T10:00,2.30,5.38
2025-03-04T11:00,2.35,5.73
2025-03-04T12:00,2.55,5.98
2025-03-04T13:00,3.10,8.21
2025-03-04T14:00,2.15,4.53
2025-03-04T15:00,3.14,4.89
2025-03-04T16:00,3.44,5.17
2025-03-04T17:00,4.04,6.02
2025-03-04T18:00,4.81,7.33
2025-03-04T19:00,4.97,7.77
2025-03-04T20:00,4.59,7.39
2025-03-04T21:00,4.23,7.50
2025-03-04T22:00,4.22,7.90
2025-03-04T23:00,4.14,8.39
2025-03-05T00:00,3.51,7.90
2025-03-05T01:00,3.30,8.02
2025-03-05T02:00,3.51,8.10
2025-03-05T03:00,4.51,9.35
2025-03-05T04:00,5.05,9.92
2025-03-05T05:00,5.61,10.50
2025-03-05T06:00,5.29,9.84
2025-03-05T07:00,5.00,9.41
2025-03-05T08:00,5.27,9.66
2025-03-05T09:00,5.46,9.90
2025-03-05T10:00,5.61,10.05
2025-03-05T11:00,6.17,10.95
2025-03-05T12:00,6.07,10.81
2025-03-05T13:00,5.55,9.94
2025-03-05T14:00,6.50,11.26
2025-03-05T15:00,6.89,11.92
2025-03-05T16:00,8.03,13.78
2025-03-05T17:00,7.42,12.63
2025-03-05T18:00,8.80,15.00
2025-03-05T19:00,10.68,17.63
2025-03-05T20:00,7.18,11.73
2025-03-05T21:00,4.40,8.19
2025-03-05T22:00,4.76,8.82
2025-03-05T23:00,5.06,8.90
2025-03-06T00:00,4.36,7.95
2025-03-06T01:00,3.39,6.69
2025-03-06T02:00,3.72,7.05
2025-03-06T03:00,3.66,7.24
2025-03-06T04:00,3.44,7.42
2025-03-06T05:00,5.88,10.53
2025-03-06T06:00,6.62,11.62
2025-03-06T07:00,5.70,10.14
2025-03-06T08:00,4.71,8.29
2025-03-06T09:00,3.94,7.09
2025-03-06T10:00,4.00,7.16
2025-03-06T11:00,4.28,7.61
2025-03-06T12:00,5.30,9.37
2025-03-06T13:00,5.30,8.72
2025-03-06T14:00,7.34,11.49
2025-03-06T15:00,7.40,11.41
2025-03-06T16:00,7.37,11.26
2025-03-06T17:00,7.36,11.23
2025-03-06T18:00,6.94,10.87
2025-03-06T19:00,7.75,11.96
2025-03-06T20:00,7.93,12.52
2025-03-06T21:00,8.24,13.08
2025-03-06T22:00,7.39,11.88
2025-03-06T23:00,6.48,10.95
2025-03-07T00:00,6.26,10.90
2025-03-07T01:00,6.02,10.21
2025-03-07T02:00,5.87,10.05
2025-03-07T03:00,4.99,8.83
2025-03-07T04:00,4.64,7.94
2025-03-07T05:00,5.53,9.88
2025-03-07T06:00,5.14,9.08
2025-03-07T07:00,5.02,9.10
2025-03-07T08:00,4.56,8.34
2025-03-07T09:00,4.45,8.07
2025-03-07T10:00,4.05,7.65
2025-03-07T11:00,3.85,7.54
2025-03-07T12:00,4.14,7.89
2025-03-07T13:00,2.75,7.04
2025-03-07T14:00,4.05,6.30
2025-03-07T15:00,4.55,6.85
2025-03-07T16:00,4.61,6.86
2025-03-07T17:00,5.25,7.80
2025-03-07T18:00,5.50,8.21
2025-03-07T19:00,5.02,7.57
2025-03-07T20:00,4.46,6.71
2025-03-07T21:00,3.58,5.49
2025-03-07T22:00,2.29,4.43
2025-03-07T23:00,1.60,4.28
2025-03-08T00:00,1.45,4.33
2025-03-08T01:00,2.48,6.00
2025-03-08T02:00,1.93,4.99
2025-03-08T03:00,1.49,4.10
2025-03-08T04:00,1.62,4.10
2025-03-08T05:00,1.25,3.59
2025-03-08T06:00,0.62,1.97
2025-03-08T07:00,0.78,2.05
2025-03-08T08:00,1.15,2.92
2025-03-08T09:00,1.70,4.10
2025-03-08T10:00,2.07,4.92
2025-03-08T11:00,2.51,5.57
2025-03-08T12:00,2.90,6.37
2025-03-08T13:00,2.59,5.91
2025-03-08T14:00,4.63,7.11
2025-03-08T15:00,5.55,8.42
2025-03-08T16:00,5.41,8.49
2025-03-08T17:00,5.66,8.53
2025-03-08T18:00,6.08,9.09
2025-03-08T19:00,6.29,9.44
2025-03-08T20:00,5.95,9.00
2025-03-08T21:00,6.16,9.58
2025-03-08T22:00,6.01,9.78
2025-03-08T23:00,4.78,8.66
2025-03-09T00:00,4.99,9.12
2025-03-09T01:00,4.00,7.80
2025-03-09T02:00,4.11,8.07
2025-03-09T03:00,3.48,7.17
2025-03-09T04:00,2.97,6.40
2025-03-09T05:00,2.80,6.22
2025-03-09T06:00,2.28,5.63
2025-03-09T07:00,2.12,5.48
2025-03-09T08:00,1.93,5.14
2025-03-09T09:00,1.82,4.88
2025-03-09T10:00,1.56,4.40
2025-03-09T11:00,1.73,4.73
2025-03-09T12:00,2.21,5.55
2025-03-09T13:00,3.43,8.29
2025-03-09T14:00,2.90,5.16
2025-03-09T15:00,2.65,4.12
2025-03-09T16:00,3.49,5.21
2025-03-09T17:00,4.33,6.48
2025-03-09T18:00,6.59,10.05
2025-03-09T19:00,6.14,9.60
2025-03-09T20:00,6.17,9.54
2025-03-09T21:00,4.45,7.14
2025-03-09T22:00,2.93,5.67
2025-03-09T23:00,1.97,5.42
2025-03-10T00:00,2.02,5.71
2025-03-10T01:00,1.66,4.76
2025-03-10T02:00,2.30,6.08
2025-03-10T03:00,3.08,7.54
2025-03-10T04:00,3.01,7.44
2025-03-10T05:00,2.10,5.95
2025-03-10T06:00,1.84,5.36
2025-03-10T07:00,1.77,5.30
2025-03-10T08:00,1.87,5.28
2025-03-10T09:00,1.91,5.50
2025-03-10T10:00,1.72,5.44
2025-03-10T11:00,1.45,4.61
2025-03-10T12:00,1.37,4.26
2025-03-10T13:00,1.98,4.43
2025-03-10T14:00,0.86,3.72
2025-03-10T15:00,0.89,1.54
2025-03-10T16:00,1.19,1.69
2025-03-10T17:00,0.92,1.27
2025-03-10T18:00,0.52,0.71
2025-03-10T19:00,1.20,1.63
2025-03-10T20:00,1.13,1.52
2025-03-10T21:00,0.60,0.92
2025-03-10T22:00,0.70,1.10
2025-03-10T23:00,1.50,3.18
2025-03-11T00:00,2.23,5.73
2025-03-11T01:00,2.49,6.10
2025-03-11T02:00,2.16,5.70
2025-03-11T03:00,1.79,5.28
2025-03-11T04:00,1.52,4.41
2025-03-11T05:00,1.42,3.65
2025-03-11T06:00,1.48,3.45
2025-03-11T07:00,1.35,2.85
2025-03-11T08:00,1.70,3.17
2025-03-11T09:00,2.02,4.19
2025-03-11T10:00,1.71,3.73
2025-03-11T11:00,0.89,3.08
2025-03-11T12:00,0.05,0.83
2025-03-11T13:00,0.65,0.83
2025-03-11T14:00,0.45,1.50
2025-03-11T15:00,1.22,1.95
2025-03-11T16:00,1.61,2.36
2025-03-11T17:00,2.00,2.83
2025-03-11T18:00,2.26,3.24
2025-03-11T19:00,2.43,3.52
2025-03-11T20:00,2.94,4.31
2025-03-11T21:00,3.07,5.02
2025-03-11T22:00,2.22,5.02
2025-03-11T23:00,2.46,6.33
2025-03-12T00:00,2.80,7.25
2025-03-12T01:00,3.01,7.77
2025-03-12T02:00,3.03,7.77
2025-03-12T03:00,3.39,8.21
2025-03-12T04:00,2.72,7.29
2025-03-12T05:00,2.21,5.74
2025-03-12T06:00,3.56,8.15
2025-03-12T07:00,3.55,8.00
2025-03-12T08:00,3.07,7.08
2025-03-12T09:00,3.12,6.96
2025-03-12T10:00,2.85,6.51
2025-03-12T11:00,2.50,5.87
2025-03-12T12:00,2.46,5.44
2025-03-12T13:00,2.58,5.54
2025-03-12T14:00,2.69,4.11
2025-03-12T15:00,2.31,3.38
2025-03-12T16:00,2.44,3.47
2025-03-12T17:00,2.57,3.68
2025-03-12T18:00,2.71,3.86
2025-03-12T19:00,3.00,4.28
2025-03-12T20:00,3.47,5.06
2025-03-12T21:00,3.51,5.31
2025-03-12T22:00,3.06,5.69
2025-03-12T23:00,3.71,7.45
2025-03-13T00:00,3.62,7.51
2025-03-13T01:00,3.85,7.79
2025-03-13T02:00,3.53,7.24
2025-03-13T03:00,3.16,6.62
2025-03-13T04:00,2.95,6.09
2025-03-13T05:00,2.74,5.66
2025-03-13T06:00,2.66,5.54
2025-03-13T07:00,2.94,6.11
2025-03-13T08:00,2.79,5.91
2025-03-13T09:00,2.67,5.60
2025-03-13T10:00,2.80,5.94
2025-03-13T11:00,2.79,5.81
2025-03-13T12:00,2.83,5.45
2025-03-13T13:00,3.45,5.01
2025-03-13T14:00,3.18,4.54
2025-03-13T15:00,2.51,3.45
2025-03-13T16:00,2.29,3.15
2025-03-13T17:00,2.21,3.05
2025-03-13T18:00,1.73,2.40
2025-03-13T19:00,1.30,1.82
2025-03-13T20:00,1.32,1.88
2025-03-13T21:00,1.63,2.30
2025-03-13T22:00,2.01,2.92
2025-03-13T23:00,1.99,4.43
2025-03-14T00:00,2.18,5.31
2025-03-14T01:00,1.01,2.75
2025-03-14T02:00,0.41,2.34
2025-03-14T03:00,1.12,3.33
2025-03-14T04:00,2.20,4.84
2025-03-14T05:00,1.90,4.27
2025-03-14T06:00,1.61,3.96
2025-03-14T07:00,1.28,3.66
2025-03-14T08:00,1.06,3.04
2025-03-14T09:00,1.04,2.75
2025-03-14T10:00,1.45,3.70
2025-03-14T11:00,1.79,4.39
2025-03-14T12:00,2.26,4.81
2025-03-14T13:00,1.71,2.40
2025-03-14T14:00,1.55,2.11
2025-03-14T15:00,1.77,2.38
2025-03-14T16:00,1.62,2.22
2025-03-14T17:00,2.06,2.82
2025-03-14T18:00,2.55,3.62
2025-03-14T19:00,2.36,3.33
2025-03-14T20:00,2.51,3.49
2025-03-14T21:00,2.77,3.90
2025-03-14T22:00,2.95,4.47
2025-03-14T23:00,2.65,5.17
2025-03-15T00:00,2.30,5.17
2025-03-15T01:00,2.80,5.33
2025-03-15T02:00,2.76,5.33
2025-03-15T03:00,2.84,5.58
2025-03-15T04:00,2.99,5.82
2025-03-15T05:00,2.87,5.67
2025-03-15T06:00,2.77,5.26
2025-03-15T07:00,2.59,4.94
2025-03-15T08:00,2.17,4.13
2025-03-15T09:00,2.39,4.49
2025-03-15T10:00,2.55,4.74
2025-03-15T11:00,2.22,4.29
2025-03-15T12:00,2.65,4.65
2025-03-15T13:00,2.66,3.81
2025-03-15T14:00,3.54,5.07
2025-03-15T15:00,3.52,5.06
2025-03-15T16:00,3.60,5.19
2025-03-15T17:00,4.21,6.07
2025-03-15T18:00,4.32,6.32
2025-03-15T19:00,4.46,6.56
2025-03-15T20:00,4.36,6.35
2025-03-15T21:00,4.31,6.66
2025-03-15T22:00,3.53,6.25
2025-03-15T23:00,3.65,7.38
2025-03-16T00:00,3.12,7.03
2025-03-16T01:00,3.11,6.27
2025-03-16T02:00,3.09,6.76
2025-03-16T03:00,3.36,7.11
2025-03-16T04:00,3.54,7.51
2025-03-16T05:00,3.99,8.17
2025-03-16T06:00,4.88,9.50
2025-03-16T07:00,5.46,10.19
2025-03-16T08:00,5.73,10.60
2025-03-16T09:00,5.62,10.30
2025-03-16T10:00,5.52,10.13
2025-03-16T11:00,5.32,9.74
2025-03-16T12:00,5.49,9.92
2025-03-16T13:00,5.38,9.47
2025-03-16T14:00,6.44,11.07
2025-03-16T15:00,6.76,11.79
2025-03-16T16:00,7.81,12.45
2025-03-16T17:00,7.87,13.27
2025-03-16T18:00,7.79,13.14
2025-03-16T19:00,8.65,13.85
2025-03-16T20:00,6.75,11.35
2025-03-16T21:00,7.10,11.96
2025-03-16T22:00,8.06,13.57
2025-03-16T23:00,7.32,12.56
2025-03-17T00:00,6.03,10.59
2025-03-17T01:00,5.06,9.25
2025-03-17T02:00,3.35,6.81
2025-03-17T03:00,3.75,7.05
2025-03-17T04:00,3.83,7.11
2025-03-17T05:00,4.00,7.46
2025-03-17T06:00,2.96,6.19
2025-03-17T07:00,4.70,8.59
2025-03-17T08:00,4.94,8.81
2025-03-17T09:00,4.58,8.15
2025-03-17T10:00,4.91,8.86
2025-03-17T11:00,5.27,9.32
2025-03-17T12:00,6.10,10.59
2025-03-17T13:00,6.07,9.76
2025-03-17T14:00,6.44,10.13
2025-03-17T15:00,6.77,10.42
2025-03-17T16:00,6.46,9.81
2025-03-17T17:00,6.48,9.71
2025-03-17T18:00,6.61,9.82
2025-03-17T19:00,6.63,10.11
2025-03-17T20:00,6.69,10.15
2025-03-17T21:00,6.52,10.03
2025-03-17T22:00,5.98,9.53
2025-03-17T23:00,5.11,8.94
2025-03-18T00:00,4.95,8.93
2025-03-18T01:00,4.92,8.78
2025-03-18T02:00,4.52,8.23
2025-03-18T03:00,4.68,8.46
2025-03-18T04:00,4.88,8.86
2025-03-18T05:00,4.63,8.58
2025-03-18T06:00,4.73,8.78
2025-03-18T07:00,4.58,8.67
2025-03-18T08:00,4.18,8.12
2025-03-18T09:00,4.21,8.23
2025-03-18T10:00,4.38,8.56
2025-03-18T11:00,4.12,8.33
2025-03-18T12:00,4.09,8.18
2025-03-18T13:00,3.16,7.66
2025-03-18T14:00,3.23,5.14
2025-03-18T15:00,3.46,5.21
2025-03-18T16:00,3.52,5.16
2025-03-18T17:00,2.71,3.91
2025-03-18T18:00,2.12,2.98
2025-03-18T19:00,1.21,1.71
2025-03-18T20:00,0.43,0.65
2025-03-18T21:00,0.18,0.25
2025-03-18T22:00,0.72,1.03
2025-03-18T23:00,1.26,2.28
2025-03-19T00:00,1.46,2.53
2025-03-19T01:00,1.64,4.00
2025-03-19T02:00,1.60,4.31
2025-03-19T03:00,1.52,4.36
2025-03-19T04:00,1.48,4.46
2025-03-19T05:00,1.44,4.47
2025-03-19T06:00,1.50,4.35
2025-03-19T07:00,1.58,4.61
2025-03-19T08:00,1.55,4.60
2025-03-19T09:00,1.54,4.52
2025-03-19T10:00,1.40,4.51
2025-03-19T11:00,1.35,4.45
2025-03-19T12:00,1.43,4.51
2025-03-19T13:00,1.93,4.76
2025-03-19T14:00,1.19,5.21
2025-03-19T15:00,1.34,2.49
2025-03-19T16:00,2.02,3.07
2025-03-19T17:00,2.83,4.22
2025-03-19T18:00,3.54,5.36
2025-03-19T19:00,3.76,5.88
2025-03-19T20:00,3.75,6.07
2025-03-19T21:00,3.62,6.33
2025-03-19T22:00,3.52,7.11
2025-03-19T23:00,3.34,7.43
2025-03-20T00:00,3.69,8.21
2025-03-20T01:00,3.81,8.52
2025-03-20T02:00,3.83,8.55
2025-03-20T03:00,3.60,8.04
2025-03-20T04:00,3.63,8.01
2025-03-20T05:00,3.56,8.08
2025-03-20T06:00,3.58,8.10
2025-03-20T07:00,3.42,7.88
2025-03-20T08:00,2.80,7.14
2025-03-20T09:00,2.74,6.95
2025-03-20T10:00,2.83,7.04
2025-03-20T11:00,2.76,6.90
2025-03-20T12:00,2.97,6.82
2025-03-20T13:00,3.11,7.75
2025-03-20T14:00,2.77,4.92
2025-03-20T15:00,3.69,5.62
2025-03-20T16:00,3.98,6.20
2025-03-20T17:00,4.14,6.62
2025-03-20T18:00,4.29,6.89
2025-03-20T19:00,4.27,6.55
2025-03-20T20:00,3.45,6.00
2025-03-20T21:00,4.37,6.83
2025-03-20T22:00,3.80,7.60
2025-03-20T23:00,5.43,9.26
2025-03-21T00:00,5.62,10.23
2025-03-21T01:00,5.95,10.34
2025-03-21T02:00,6.28,10.70
2025-03-21T03:00,6.40,10.93
2025-03-21T04:00,5.98,9.98
2025-03-21T05:00,6.44,10.68
2025-03-21T06:00,6.47,11.03
2025-03-21T07:00,7.08,12.19
2025-03-21T08:00,6.97,12.06
2025-03-21T09:00,7.11,12.06
2025-03-21T10:00,7.11,12.14
2025-03-21T11:00,7.39,12.59
2025-03-21T12:00,7.26,12.34
2025-03-21T13:00,7.19,11.51
2025-03-21T14:00,6.91,10.73
2025-03-21T15:00,6.26,9.51
2025-03-21T16:00,6.23,9.37
2025-03-21T17:00,5.72,8.57
2025-03-21T18:00,5.25,7.74
2025-03-21T19:00,5.17,7.72
2025-03-21T20:00,4.92,7.36
2025-03-21T21:00,4.68,7.18
2025-03-21T22:00,3.81,6.34
2025-03-21T23:00,2.56,5.64
2025-03-22T00:00,1.94,5.53
2025-03-22T01:00,1.99,5.82
2025-03-22T02:00,1.78,5.20
2025-03-22T03:00,1.30,3.91
2025-03-22T04:00,1.10,2.97
2025-03-22T05:00,1.34,3.41
2025-03-22T06:00,1.77,4.75
2025-03-22T07:00,1.70,4.99
2025-03-22T08:00,2.06,5.72
2025-03-22T09:00,2.44,6.37
2025-03-22T10:00,2.52,6.47
2025-03-22T11:00,2.73,6.67
2025-03-22T12:00,3.16,7.11
2025-03-22T13:00,3.56,7.66
2025-03-22T14:00,2.75,6.85
2025-03-22T15:00,2.72,5.06
2025-03-22T16:00,3.62,5.53
2025-03-22T17:00,4.41,6.54
2025-03-22T18:00,5.81,8.72
2025-03-22T19:00,6.37,9.73
2025-03-22T20:00,6.60,10.24
2025-03-22T21:00,7.24,11.70
2025-03-22T22:00,6.27,10.36
2025-03-22T23:00,5.63,9.94
2025-03-23T00:00,5.61,9.91
2025-03-23T01:00,4.62,8.54
2025-03-23T02:00,3.84,7.41
2025-03-23T03:00,4.21,7.88
2025-03-23T04:00,3.96,7.54
2025-03-23T05:00,4.12,7.73
2025-03-23T06:00,3.83,7.31
2025-03-23T07:00,3.08,6.12
2025-03-23T08:00,3.10,6.10
2025-03-23T09:00,2.75,5.55
2025-03-23T10:00,2.34,5.03
2025-03-23T11:00,1.86,4.28
2025-03-23T12:00,1.53,3.24
2025-03-23T13:00,1.89,2.86
2025-03-23T14:00,2.56,3.75
2025-03-23T15:00,2.23,3.18
2025-03-23T16:00,1.92,2.66
2025-03-23T17:00,1.18,1.67
2025-03-23T18:00,0.47,0.70
2025-03-23T19:00,0.65,0.91
2025-03-23T20:00,1.10,1.44
2025-03-23T21:00,1.42,1.91
2025-03-23T22:00,1.74,2.55
2025-03-23T23:00,3.61,6.29
2025-03-24T00:00,4.11,7.12
2025-03-24T01:00,3.67,6.87
2025-03-24T02:00,3.94,7.25
2025-03-24T03:00,3.92,7.42
2025-03-24T04:00,4.14,7.60
2025-03-24T05:00,4.25,8.02
2025-03-24T06:00,4.29,8.05
2025-03-24T07:00,3.87,7.51
2025-03-24T08:00,3.72,7.23
2025-03-24T09:00,3.25,6.53
2025-03-24T10:00,3.91,7.55
2025-03-24T11:00,4.36,8.37
2025-03-24T12:00,3.96,7.86
2025-03-24T13:00,2.81,5.23
2025-03-24T14:00,2.64,6.10
2025-03-24T15:00,2.40,4.93
2025-03-24T16:00,2.23,5.29
2025-03-24T17:00,3.96,5.76
2025-03-24T18:00,3.66,5.38
2025-03-24T19:00,2.19,3.10
2025-03-24T20:00,2.54,3.52
2025-03-24T21:00,2.27,3.27
2025-03-24T22:00,1.32,2.58
2025-03-24T23:00,2.22,5.51
2025-03-25T00:00,3.98,8.55
2025-03-25T01:00,1.44,4.02
2025-03-25T02:00,1.53,4.70
2025-03-25T03:00,3.08,7.31
2025-03-25T04:00,3.22,7.54
2025-03-25T05:00,3.92,8.42
2025-03-25T06:00,4.47,8.82
2025-03-25T07:00,4.03,7.96
2025-03-25T08:00,2.28,5.95
2025-03-25T09:00,2.61,6.61
2025-03-25T10:00,2.65,6.58
2025-03-25T11:00,2.17,5.65
2025-03-25T12:00,2.02,4.96
2025-03-25T13:00,1.35,3.88
2025-03-25T14:00,2.91,4.28
2025-03-25T15:00,3.48,5.07
2025-03-25T16:00,3.39,4.85
2025-03-25T17:00,4.18,5.87
2025-03-25T18:00,4.38,6.29
2025-03-25T19:00,4.30,6.30
2025-03-25T20:00,4.52,6.70
2025-03-25T21:00,3.68,6.24
2025-03-25T22:00,4.47,7.64
2025-03-25T23:00,3.32,6.48
2025-03-26T00:00,2.98,6.08
2025-03-26T01:00,2.69,5.77
2025-03-26T02:00,2.33,5.63
2025-03-26T03:00,3.74,7.72
2025-03-26T04:00,4.15,8.23
2025-03-26T05:00,3.91,7.81
2025-03-26T06:00,3.76,7.67
2025-03-26T07:00,3.66,7.51
2025-03-26T08:00,3.98,7.80
2025-03-26T09:00,3.72,7.42
2025-03-26T10:00,3.87,7.35
2025-03-26T11:00,2.27,4.75
2025-03-26T12:00,3.08,5.84
2025-03-26T13:00,4.46,6.89
2025-03-26T14:00,5.72,8.70
2025-03-26T15:00,6.11,9.11
2025-03-26T16:00,6.60,9.79
2025-03-26T17:00,6.78,10.10
2025-03-26T18:00,6.35,9.50
2025-03-26T19:00,6.71,10.00
2025-03-26T20:00,7.12,10.70
2025-03-26T21:00,6.75,10.40
2025-03-26T22:00,6.15,9.77
2025-03-26T23:00,4.84,8.31
2025-03-27T00:00,4.05,7.63
2025-03-27T01:00,1.46,4.18
2025-03-27T02:00,1.64,4.32
2025-03-27T03:00,1.73,4.16
2025-03-27T04:00,1.75,4.35
2025-03-27T05:00,1.57,4.31
2025-03-27T06:00,1.52,4.52
2025-03-27T07:00,2.13,5.34
2025-03-27T08:00,2.65,5.99
2025-03-27T09:00,2.30,5.18
2025-03-27T10:00,1.91,4.65
2025-03-27T11:00,1.53,4.07
2025-03-27T12:00,2.01,4.35
2025-03-27T13:00,1.90,3.77
2025-03-27T14:00,2.35,3.38
2025-03-27T15:00,2.63,3.79
2025-03-27T16:00,3.00,4.30
2025-03-27T17:00,3.31,4.72
2025-03-27T18:00,3.39,4.84
2025-03-27T19:00,3.10,4.45
2025-03-27T20:00,2.35,3.45
2025-03-27T21:00,1.65,2.44
2025-03-27T22:00,0.70,1.18
2025-03-27T23:00,1.10,2.04
2025-03-28T00:00,2.32,4.68
2025-03-28T01:00,1.87,5.24
2025-03-28T02:00,1.74,4.97
2025-03-28T03:00,2.56,6.20
2025-03-28T04:00,3.19,7.25
2025-03-28T05:00,2.96,6.84
2025-03-28T06:00,2.93,6.85
2025-03-28T07:00,2.52,6.24
2025-03-28T08:00,2.28,5.92
2025-03-28T09:00,1.84,5.34
2025-03-28T10:00,1.66,4.95
2025-03-28T11:00,1.39,4.28
2025-03-28T12:00,1.80,4.12
2025-03-28T13:00,1.39,4.48
2025-03-28T14:00,0.55,2.58
2025-03-28T15:00,1.50,3.01
2025-03-28T16:00,1.65,2.47
2025-03-28T17:00,1.91,2.87
2025-03-28T18:00,2.97,4.34
2025-03-28T19:00,4.58,6.67
2025-03-28T20:00,3.65,5.92
2025-03-28T21:00,3.51,5.52
2025-03-28T22:00,2.14,3.93
2025-03-28T23:00,2.15,4.36
2025-03-29T00:00,1.17,3.49
2025-03-29T01:00,1.72,4.04
2025-03-29T02:00,0.45,1.28
2025-03-29T03:00,1.42,4.49
2025-03-29T04:00,4.23,9.38
2025-03-29T05:00,5.36,10.72
2025-03-29T06:00,5.32,10.71
2025-03-29T07:00,4.83,10.01
2025-03-29T08:00,4.71,9.84
2025-03-29T09:00,4.60,9.73
2025-03-29T10:00,4.38,9.50
2025-03-29T11:00,4.00,8.74
2025-03-29T12:00,2.99,7.03
2025-03-29T13:00,3.34,7.39
2025-03-29T14:00,3.26,7.18
2025-03-29T15:00,3.23,7.01
2025-03-29T16:00,3.19,7.14
2025-03-29T17:00,2.82,8.03
2025-03-29T18:00,3.01,4.70
2025-03-29T19:00,3.89,5.83
2025-03-29T20:00,3.87,5.87
2025-03-29T21:00,2.41,4.20
2025-03-29T22:00,1.15,3.15
2025-03-29T23:00,2.83,6.51
2025-03-30T00:00,1.68,5.09
2025-03-30T01:00,2.82,7.05
2025-03-30T02:00,2.84,6.95
2025-03-30T03:00,4.16,8.59
2025-03-30T04:00,4.45,8.96
2025-03-30T05:00,4.73,9.24
2025-03-30T06:00,4.47,8.82
2025-03-30T07:00,4.29,8.50
2025-03-30T08:00,4.25,8.43
2025-03-30T09:00,3.83,7.83
2025-03-30T10:00,3.01,6.50
2025-03-30T11:00,2.50,5.98
2025-03-30T12:00,3.20,6.75
2025-03-30T13:00,2.49,6.91
2025-03-30T14:00,3.67,5.83
2025-03-30T15:00,4.54,6.67
2025-03-30T16:00,5.04,7.39
2025-03-30T17:00,4.88,7.17
2025-03-30T18:00,5.59,8.10
2025-03-30T19:00,6.33,9.31
2025-03-30T20:00,5.67,8.52
2025-03-30T21:00,6.10,9.18
2025-03-30T22:00,4.74,7.89
2025-03-30T23:00,4.54,7.91
2025-03-31T00:00,3.88,7.35
2025-03-31T01:00,4.20,8.07
2025-03-31T02:00,4.63,8.86
2025-03-31T03:00,4.86,9.19
2025-03-31T04:00,5.30,9.77
2025-03-31T05:00,5.40,9.79
2025-03-31T06:00,4.95,9.02
2025-03-31T07:00,5.01,9.01
2025-03-31T08:00,4.78,8.55
2025-03-31T09:00,4.45,8.15
2025-03-31T10:00,4.71,8.62
2025-03-31T11:00,5.31,9.43
2025-03-31T12:00,5.60,9.70
2025-03-31T13:00,4.41,7.22
2025-03-31T14:00,5.52,8.43
2025-03-31T15:00,4.90,7.25
2025-03-31T16:00,5.13,7.52
2025-03-31T17:00,5.57,8.08
2025-03-31T18:00,5.69,8.32
2025-03-31T19:00,5.66,8.38
2025-03-31T20:00,6.65,9.73
2025-03-31T21:00,2.85,4.52
2025-03-31T22:00,4.35,7.29
2025-03-31T23:00,3.21,5.39
2025-04-01T00:00,1.94,4.33
2025-04-01T01:00,3.42,6.28
2025-04-01T02:00,2.40,4.85
2025-04-01T03:00,3.62,6.85
2025-04-01T04:00,6.30,10.54
2025-04-01T05:00,7.46,12.42
2025-04-01T06:00,7.06,11.91
2025-04-01T07:00,7.21,12.31
2025-04-01T08:00,6.86,11.64
2025-04-01T09:00,6.69,11.37
2025-04-01T10:00,5.90,10.16
2025-04-01T11:00,5.83,10.08
2025-04-01T12:00,5.83,9.42
2025-04-01T13:00,5.37,8.23
2025-04-01T14:00,4.94,7.35
2025-04-01T15:00,4.66,6.84
2025-04-01T16:00,4.52,6.63
2025-04-01T17:00,4.30,6.23
2025-04-01T18:00,4.47,6.44
2025-04-01T19:00,4.19,6.09
2025-04-01T20:00,3.57,5.14
2025-04-01T21:00,3.28,4.73
2025-04-01T22:00,2.67,3.94
2025-04-01T23:00,1.43,3.16
2025-04-02T00:00,1.08,2.82
2025-04-02T01:00,1.27,3.39
2025-04-02T02:00,1.27,3.57
2025-04-02T03:00,1.48,4.33
2025-04-02T04:00,1.37,4.08
2025-04-02T05:00,1.32,4.03
2025-04-02T06:00,1.14,3.38
2025-04-02T07:00,1.57,4.50
2025-04-02T08:00,2.67,6.14
2025-04-02T09:00,3.16,6.81
2025-04-02T10:00,2.75,6.12
2025-04-02T11:00,2.88,6.08
2025-04-02T12:00,2.82,6.06
2025-04-02T13:00,2.70,4.45
2025-04-02T14:00,3.23,4.79
2025-04-02T15:00,3.41,4.95
2025-04-02T16:00,4.10,6.05
2025-04-02T17:00,4.30,6.24
2025-04-02T18:00,4.53,6.64
2025-04-02T19:00,5.31,7.90
2025-04-02T20:00,5.73,8.64
2025-04-02T21:00,5.34,8.33
2025-04-02T22:00,5.13,8.51
2025-04-02T23:00,4.95,8.49
2025-04-03T00:00,4.24,7.61
2025-04-03T01:00,3.96,7.24
2025-04-03T02:00,3.47,6.46
2025-04-03T03:00,3.53,6.66
2025-04-03T04:00,3.72,6.93
2025-04-03T05:00,3.57,7.04
2025-04-03T06:00,3.86,7.53
2025-04-03T07:00,4.23,8.16
2025-04-03T08:00,4.70,8.86
2025-04-03T09:00,4.56,8.62
2025-04-03T10:00,5.04,9.29
2025-04-03T11:00,5.35,9.72
2025-04-03T12:00,5.43,9.74
2025-04-03T13:00,4.00,7.35
2025-04-03T14:00,3.64,6.54
2025-04-03T15:00,3.83,6.97
2025-04-03T16:00,4.73,7.06
2025-04-03T17:00,6.30,9.59
2025-04-03T18:00,7.32,11.11
2025-04-03T19:00,6.72,10.61
2025-04-03T20:00,5.87,9.55
2025-04-03T21:00,4.41,7.90
2025-04-03T22:00,5.12,9.11
2025-04-03T23:00,4.73,8.84
2025-04-04T00:00,4.46,8.56
2025-04-04T01:00,3.86,7.60
2025-04-04T02:00,4.79,9.07
2025-04-04T03:00,5.04,9.49
2025-04-04T04:00,4.95,9.18
2025-04-04T05:00,4.07,7.98
2025-04-04T06:00,3.73,7.57
2025-04-04T07:00,3.90,7.88
2025-04-04T08:00,4.03,7.96
2025-04-04T09:00,3.97,7.95
2025-04-04T10:00,2.12,5.14
2025-04-04T11:00,1.12,2.85
2025-04-04T12:00,0.78,1.59
2025-04-04T13:00,2.40,4.64
2025-04-04T14:00,2.87,5.41
2025-04-04T15:00,3.28,4.90
2025-04-04T16:00,2.75,4.01
2025-04-04T17:00,2.13,2.97
2025-04-04T18:00,2.15,2.99
2025-04-04T19:00,2.30,3.21
2025-04-04T20:00,2.55,3.72
2025-04-04T21:00,2.42,3.46
2025-04-04T22:00,1.87,2.79
2025-04-04T23:00,1.41,3.05
2025-04-05T00:00,2.11,4.45
2025-04-05T01:00,2.38,5.30
2025-04-05T02:00,2.21,5.19
2025-04-05T03:00,2.30,5.45
2025-04-05T04:00,2.31,5.64
2025-04-05T05:00,1.92,5.09
2025-04-05T06:00,2.32,5.65
2025-04-05T07:00,2.36,5.58
2025-04-05T08:00,2.46,5.76
2025-04-05T09:00,2.31,4.50
2025-04-05T10:00,2.91,5.66
2025-04-05T11:00,2.93,5.25
2025-04-05T12:00,3.47,6.51
2025-04-05T13:00,2.10,3.38
2025-04-05T14:00,3.68,5.56
2025-04-05T15:00,3.28,4.84
2025-04-05T16:00,3.31,4.85
2025-04-05T17:00,3.25,4.65
2025-04-05T18:00,3.32,5.12
2025-04-05T19:00,1.45,2.24
2025-04-05T20:00,2.21,3.50
2025-04-05T21:00,2.86,4.59
2025-04-05T22:00,2.82,5.19
2025-04-05T23:00,3.01,6.37
2025-04-06T00:00,2.76,4.59
2025-04-06T01:00,3.73,7.03
2025-04-06T02:00,2.74,5.61
2025-04-06T03:00,2.58,5.10
2025-04-06T04:00,1.79,2.91
2025-04-06T05:00,1.17,2.26
2025-04-06T06:00,0.58,1.99
2025-04-06T07:00,2.06,6.04
2025-04-06T08:00,3.72,8.25
2025-04-06T09:00,4.55,9.29
2025-04-06T10:00,5.34,10.24
2025-04-06T11:00,5.31,10.18
2025-04-06T12:00,5.27,9.89
2025-04-06T13:00,1.84,4.54
2025-04-06T14:00,2.26,5.07
2025-04-06T15:00,2.78,3.86
2025-04-06T16:00,5.10,7.54
2025-04-06T17:00,4.15,6.38
2025-04-06T18:00,4.36,6.67
2025-04-06T19:00,3.16,4.82
2025-04-06T20:00,3.16,4.75
2025-04-06T21:00,2.87,4.29
2025-04-06T22:00,2.17,3.41
2025-04-06T23:00,1.48,2.73
2025-04-07T00:00,1.12,2.59
2025-04-07T01:00,1.38,2.23
2025-04-07T02:00,1.72,2.98
2025-04-07T03:00,1.34,2.44
2025-04-07T04:00,1.55,2.65
2025-04-07T05:00,1.75,2.80
2025-04-07T06:00,1.95,3.11
2025-04-07T07:00,1.63,2.91
2025-04-07T08:00,2.43,3.86
2025-04-07T09:00,3.37,5.82
2025-04-07T10:00,3.78,6.62
2025-04-07T11:00,3.68,6.22
2025-04-07T12:00,3.25,5.20
2025-04-07T13:00,2.60,4.14
2025-04-07T14:00,3.30,5.21
2025-04-07T15:00,3.69,5.57
2025-04-07T16:00,3.22,4.74
2025-04-07T17:00,3.56,5.12
2025-04-07T18:00,2.70,3.78
2025-04-07T19:00,2.63,3.77
2025-04-07T20:00,2.56,3.70
2025-04-07T21:00,2.04,2.91
2025-04-07T22:00,2.13,3.12
2025-04-07T23:00,1.73,3.08
2025-04-08T00:00,1.75,3.36
2025-04-08T01:00,1.46,2.52
2025-04-08T02:00,1.33,2.40
2025-04-08T03:00,0.62,1.04
2025-04-08T04:00,0.39,0.60
2025-04-08T05:00,1.03,1.74
2025-04-08T06:00,2.23,4.84
2025-04-08T07:00,6.36,10.91
2025-04-08T08:00,4.91,8.85
2025-04-08T09:00,5.44,9.76
2025-04-08T10:00,5.45,9.65
2025-04-08T11:00,5.23,9.23
2025-04-08T12:00,5.77,9.34
2025-04-08T13:00,6.16,9.27
2025-04-08T14:00,6.73,10.19
2025-04-08T15:00,6.51,9.92
2025-04-08T16:00,6.86,10.38
2025-04-08T17:00,7.57,11.22
2025-04-08T18:00,6.62,9.93
2025-04-08T19:00,6.53,9.76
2025-04-08T20:00,6.39,9.67
2025-04-08T21:00,6.40,9.82
2025-04-08T22:00,5.91,9.28
2025-04-08T23:00,4.58,7.89
2025-04-09T00:00,4.12,7.66
2025-04-09T01:00,3.22,6.68
2025-04-09T02:00,2.71,6.09
2025-04-09T03:00,3.16,6.76
2025-04-09T04:00,3.44,7.18
2025-04-09T05:00,3.15,6.82
2025-04-09T06:00,2.56,5.97
2025-04-09T07:00,2.32,5.60
2025-04-09T08:00,2.09,5.20
2025-04-09T09:00,1.76,4.69
2025-04-09T10:00,1.50,4.30
2025-04-09T11:00,1.08,3.28
2025-04-09T12:00,0.75,2.60
2025-04-09T13:00,0.39,0.75
2025-04-09T14:00,0.21,0.36
2025-04-09T15:00,0.63,0.91
2025-04-09T16:00,0.92,1.28
2025-04-09T17:00,1.03,1.45
2025-04-09T18:00,1.21,1.70
2025-04-09T19:00,1.71,2.34
2025-04-09T20:00,1.74,2.44
2025-04-09T21:00,1.76,2.45
2025-04-09T22:00,2.21,3.19
2025-04-09T23:00,1.96,3.80
2025-04-10T00:00,2.33,5.44
2025-04-10T01:00,2.69,5.89
2025-04-10T02:00,3.12,6.59
2025-04-10T03:00,2.84,6.42
2025-04-10T04:00,2.69,6.17
2025-04-10T05:00,2.85,6.16
2025-04-10T06:00,2.97,6.42
2025-04-10T07:00,2.69,5.89
2025-04-10T08:00,2.56,5.64
2025-04-10T09:00,2.46,5.47
2025-04-10T10:00,2.35,5.26
2025-04-10T11:00,2.52,5.29
2025-04-10T12:00,2.67,5.29
2025-04-10T13:00,2.53,4.22
2025-04-10T14:00,2.62,4.05
2025-04-10T15:00,3.99,6.05
2025-04-10T16:00,4.62,6.98
2025-04-10T17:00,4.54,6.85
2025-04-10T18:00,4.72,7.20
2025-04-10T19:00,4.65,7.34
2025-04-10T20:00,4.35,7.27
2025-04-10T21:00,3.90,6.93
2025-04-10T22:00,3.80,6.50
2025-04-10T23:00,3.76,7.09
2025-04-11T00:00,4.08,7.75
2025-04-11T01:00,2.30,4.73
2025-04-11T02:00,2.87,5.64
2025-04-11T03:00,3.32,6.33
2025-04-11T04:00,3.02,6.01
2025-04-11T05:00,2.50,5.45
2025-04-11T06:00,2.74,5.80
2025-04-11T07:00,2.30,5.21
2025-04-11T08:00,2.25,5.01
2025-04-11T09:00,2.75,5.47
2025-04-11T10:00,2.71,5.46
2025-04-11T11:00,2.61,5.03
2025-04-11T12:00,3.11,5.27
2025-04-11T13:00,3.35,5.53
2025-04-11T14:00,4.35,6.94
2025-04-11T15:00,4.33,9.06
2025-04-11T16:00,5.06,7.56
2025-04-11T17:00,4.92,7.71
2025-04-11T18:00,4.58,7.11
2025-04-11T19:00,4.73,8.21
2025-04-11T20:00,3.27,9.45
2025-04-11T21:00,3.59,10.05
2025-04-11T22:00,5.25,9.24
2025-04-11T23:00,5.00,8.85
2025-04-12T00:00,4.91,8.65
2025-04-12T01:00,4.16,7.31
2025-04-12T02:00,4.72,8.13
2025-04-12T03:00,4.57,7.91
2025-04-12T04:00,4.71,8.20
2025-04-12T05:00,4.91,8.70
2025-04-12T06:00,4.75,8.19
2025-04-12T07:00,4.17,7.31
2025-04-12T08:00,3.91,6.75
2025-04-12T09:00,3.89,6.77
2025-04-12T10:00,3.66,6.46
2025-04-12T11:00,3.97,6.85
2025-04-12T12:00,3.76,6.54
2025-04-12T13:00,5.23,8.02
2025-04-12T14:00,5.47,8.32
2025-04-12T15:00,5.18,8.03
2025-04-12T16:00,5.11,7.76
2025-04-12T17:00,4.98,7.66
2025-04-12T18:00,5.70,8.59
2025-04-12T19:00,5.63,8.50
2025-04-12T20:00,5.43,8.38
2025-04-12T21:00,5.24,8.13
2025-04-12T22:00,3.80,6.48
2025-04-12T23:00,3.67,6.44
2025-04-13T00:00,3.23,6.10
2025-04-13T01:00,3.73,6.77
2025-04-13T02:00,3.58,6.60
2025-04-13T03:00,3.62,6.59
2025-04-13T04:00,3.27,6.06
2025-04-13T05:00,2.52,4.95
2025-04-13T06:00,3.04,5.73
2025-04-13T07:00,3.90,7.14
2025-04-13T08:00,3.76,6.94
2025-04-13T09:00,3.73,7.13
2025-04-13T10:00,3.48,6.85
2025-04-13T11:00,3.61,7.02
2025-04-13T12:00,3.22,7.85
2025-04-13T13:00,3.95,6.27
2025-04-13T14:00,5.80,8.70
2025-04-13T15:00,6.13,9.22
2025-04-13T16:00,5.49,8.27
2025-04-13T17:00,5.64,8.34
2025-04-13T18:00,5.39,8.02
2025-04-13T19:00,4.99,7.39
2025-04-13T20:00,4.89,7.30
2025-04-13T21:00,4.14,6.22
2025-04-13T22:00,3.02,5.31
2025-04-13T23:00,1.50,4.05
2025-04-14T00:00,1.00,2.95
2025-04-14T01:00,1.11,3.35
2025-04-14T02:00,1.03,1.74
2025-04-14T03:00,1.56,3.29
2025-04-14T04:00,1.82,4.87
2025-04-14T05:00,1.73,5.08
2025-04-14T06:00,1.92,5.59
2025-04-14T07:00,2.04,5.59
2025-04-14T08:00,1.57,4.96
2025-04-14T09:00,1.82,5.20
2025-04-14T10:00,1.32,4.17
2025-04-14T11:00,1.80,4.38
2025-04-14T12:00,2.10,4.92
2025-04-14T13:00,1.30,4.25
2025-04-14T14:00,1.67,2.92
2025-04-14T15:00,2.05,3.10
2025-04-14T16:00,1.87,2.69
2025-04-14T17:00,1.94,2.85
2025-04-14T18:00,2.30,3.31
2025-04-14T19:00,2.40,3.45
2025-04-14T20:00,2.77,4.04
2025-04-14T21:00,3.12,4.77
2025-04-14T22:00,2.66,4.79
2025-04-14T23:00,2.33,5.58
2025-04-15T00:00,2.35,6.38
2025-04-15T01:00,2.52,6.25
2025-04-15T02:00,3.86,8.25
2025-04-15T03:00,2.01,5.19
2025-04-15T04:00,3.19,5.87
2025-04-15T05:00,2.13,5.02
2025-04-15T06:00,2.18,5.26
2025-04-15T07:00,2.32,6.09
2025-04-15T08:00,2.21,5.76
2025-04-15T09:00,2.78,6.31
2025-04-15T10:00,3.32,6.78
2025-04-15T11:00,3.96,7.72
2025-04-15T12:00,4.27,7.91
2025-04-15T13:00,2.42,4.71
2025-04-15T14:00,2.92,4.50
2025-04-15T15:00,4.68,7.34
2025-04-15T16:00,6.06,9.06
2025-04-15T17:00,7.68,11.37
2025-04-15T18:00,7.94,12.38
2025-04-15T19:00,8.90,13.72
2025-04-15T20:00,7.76,12.15
2025-04-15T21:00,8.00,12.67
2025-04-15T22:00,7.03,11.49
2025-04-15T23:00,7.34,12.38
2025-04-16T00:00,6.11,10.62
2025-04-16T01:00,5.95,10.36
2025-04-16T02:00,5.15,9.13
2025-04-16T03:00,4.67,8.43
2025-04-16T04:00,5.80,10.12
2025-04-16T05:00,5.47,9.53
2025-04-16T06:00,5.04,8.95
2025-04-16T07:00,4.76,8.52
2025-04-16T08:00,4.20,7.78
2025-04-16T09:00,3.79,7.19
2025-04-16T10:00,4.00,7.52
2025-04-16T11:00,4.20,7.82
2025-04-16T12:00,4.20,7.03
2025-04-16T13:00,5.79,9.06
2025-04-16T14:00,6.33,9.59
2025-04-16T15:00,6.55,9.78
2025-04-16T16:00,6.64,9.98
2025-04-16T17:00,6.82,10.31
2025-04-16T18:00,7.18,10.87
2025-04-16T19:00,7.29,11.17
2025-04-16T20:00,7.33,11.30
2025-04-16T21:00,7.04,10.99
2025-04-16T22:00,6.20,10.13
2025-04-16T23:00,5.30,9.23
2025-04-17T00:00,4.58,8.59
2025-04-17T01:00,3.04,6.88
2025-04-17T02:00,2.83,6.49
2025-04-17T03:00,2.49,6.08
2025-04-17T04:00,2.22,5.65
2025-04-17T05:00,1.82,4.92
2025-04-17T06:00,2.05,4.98
2025-04-17T07:00,2.26,5.36
2025-04-17T08:00,2.49,5.76
2025-04-17T09:00,2.84,6.34
2025-04-17T10:00,2.91,6.48
2025-04-17T11:00,3.02,6.52
2025-04-17T12:00,2.62,7.04
2025-04-17T13:00,2.88,4.65
2025-04-17T14:00,3.50,5.13
2025-04-17T15:00,3.22,4.60
2025-04-17T16:00,2.86,4.03
2025-04-17T17:00,2.97,4.18
2025-04-17T18:00,3.30,4.66
2025-04-17T19:00,2.79,3.97
2025-04-17T20:00,2.48,3.44
2025-04-17T21:00,2.26,3.16
2025-04-17T22:00,1.81,2.60
2025-04-17T23:00,0.55,1.39
2025-04-18T00:00,0.60,1.03
2025-04-18T01:00,1.34,3.34
2025-04-18T02:00,1.44,4.06
2025-04-18T03:00,1.45,4.22
2025-04-18T04:00,1.99,5.76
2025-04-18T05:00,1.93,5.53
2025-04-18T06:00,1.92,5.50
2025-04-18T07:00,1.97,5.55
2025-04-18T08:00,2.15,5.77
2025-04-18T09:00,2.35,6.00
2025-04-18T10:00,2.50,6.26
2025-04-18T11:00,2.66,6.33
2025-04-18T12:00,2.98,7.06
2025-04-18T13:00,2.50,4.70
2025-04-18T14:00,3.09,4.68
2025-04-18T15:00,3.73,5.54
2025-04-18T16:00,4.24,6.34
2025-04-18T17:00,4.77,7.07
2025-04-18T18:00,5.50,8.25
2025-04-18T19:00,5.91,8.96
2025-04-18T20:00,6.04,9.32
2025-04-18T21:00,6.28,10.03
2025-04-18T22:00,5.56,9.38
2025-04-18T23:00,5.28,9.52
2025-04-19T00:00,5.73,10.58
2025-04-19T01:00,5.73,10.69
2025-04-19T02:00,6.29,11.56
2025-04-19T03:00,6.22,11.42
2025-04-19T04:00,6.22,11.37
2025-04-19T05:00,6.26,11.49
2025-04-19T06:00,5.98,11.07
2025-04-19T07:00,5.29,10.16
2025-04-19T08:00,5.08,9.97
2025-04-19T09:00,5.02,9.95
2025-04-19T10:00,4.85,9.66
2025-04-19T11:00,4.54,9.17
2025-04-19T12:00,4.44,8.86
2025-04-19T13:00,4.34,8.53
2025-04-19T14:00,4.08,7.54
2025-04-19T15:00,4.08,7.05
2025-04-19T16:00,3.98,6.41
2025-04-19T17:00,4.37,6.87
2025-04-19T18:00,4.53,6.99
2025-04-19T19:00,4.88,7.42
2025-04-19T20:00,5.08,7.82
2025-04-19T21:00,5.17,8.38
2025-04-19T22:00,5.49,9.11
2025-04-19T23:00,5.12,9.27
2025-04-20T00:00,5.31,10.01
2025-04-20T01:00,5.41,10.38
2025-04-20T02:00,5.04,9.76
2025-04-20T03:00,4.69,9.30
2025-04-20T04:00,3.81,8.23
2025-04-20T05:00,2.45,6.22
2025-04-20T06:00,2.59,6.50
2025-04-20T07:00,4.01,8.36
2025-04-20T08:00,4.53,8.49
2025-04-20T09:00,4.42,8.22
2025-04-20T10:00,4.61,8.41
2025-04-20T11:00,4.22,7.63
2025-04-20T12:00,4.22,6.95
2025-04-20T13:00,3.98,6.33
2025-04-20T14:00,4.30,6.37
2025-04-20T15:00,3.99,5.75
2025-04-20T16:00,3.86,5.52
2025-04-20T17:00,3.49,4.96
2025-04-20T18:00,2.96,4.08
2025-04-20T19:00,2.06,2.82
2025-04-20T20:00,2.24,2.98
2025-04-20T21:00,2.74,3.68
2025-04-20T22:00,2.83,4.17
2025-04-20T23:00,2.98,4.79
2025-04-21T00:00,2.93,5.66
2025-04-21T01:00,2.80,5.60
2025-04-21T02:00,2.39,5.39
2025-04-21T03:00,2.13,5.15
2025-04-21T04:00,1.93,4.51
2025-04-21T05:00,2.19,4.54
2025-04-21T06:00,2.00,4.21
2025-04-21T07:00,2.22,4.68
2025-04-21T08:00,2.16,4.56
2025-04-21T09:00,2.01,4.68
2025-04-21T10:00,2.35,4.99
2025-04-21T11:00,2.39,4.49
2025-04-21T12:00,2.30,3.63
2025-04-21T13:00,1.94,2.94
2025-04-21T14:00,1.98,2.94
2025-04-21T15:00,2.06,3.05
2025-04-21T16:00,2.91,4.41
2025-04-21T17:00,2.65,3.98
2025-04-21T18:00,3.65,5.36
2025-04-21T19:00,5.05,7.45
2025-04-21T20:00,4.61,6.85
2025-04-21T21:00,3.96,5.93
2025-04-21T22:00,4.07,6.23
2025-04-21T23:00,4.50,7.33
2025-04-22T00:00,3.82,7.21
2025-04-22T01:00,2.06,4.21
2025-04-22T02:00,2.11,4.59
2025-04-22T03:00,1.83,4.81
2025-04-22T04:00,2.16,5.59
2025-04-22T05:00,2.83,6.65
2025-04-22T06:00,3.09,7.02
2025-04-22T07:00,2.95,6.91
2025-04-22T08:00,2.36,5.78
2025-04-22T09:00,2.06,5.05
2025-04-22T10:00,1.98,4.98
2025-04-22T11:00,2.87,6.49
2025-04-22T12:00,3.13,7.26
2025-04-22T13:00,2.01,4.12
2025-04-22T14:00,3.08,4.45
2025-04-22T15:00,3.54,4.98
2025-04-22T16:00,3.97,5.58
2025-04-22T17:00,4.07,5.72
2025-04-22T18:00,4.01,5.61
2025-04-22T19:00,3.74,5.28
2025-04-22T20:00,3.78,5.24
2025-04-22T21:00,4.03,5.69
2025-04-22T22:00,3.70,5.36
2025-04-22T23:00,3.42,5.34
2025-04-23T00:00,3.61,6.56
2025-04-23T01:00,1.54,4.23
2025-04-23T02:00,2.08,4.73
2025-04-23T03:00,2.96,6.24
2025-04-23T04:00,2.59,5.82
2025-04-23T05:00,2.88,6.22
2025-04-23T06:00,3.10,6.66
2025-04-23T07:00,3.13,6.82
2025-04-23T08:00,3.42,7.25
2025-04-23T09:00,3.15,6.75
2025-04-23T10:00,2.88,6.37
2025-04-23T11:00,3.09,6.32
2025-04-23T12:00,2.75,5.40
2025-04-23T13:00,2.28,3.52
2025-04-23T14:00,2.17,3.14
2025-04-23T15:00,1.86,2.65
2025-04-23T16:00,1.57,2.21
2025-04-23T17:00,1.45,1.98
2025-04-23T18:00,1.38,1.81
2025-04-23T19:00,1.35,1.70
2025-04-23T20:00,1.75,2.20
2025-04-23T21:00,1.95,2.48
2025-04-23T22:00,2.26,3.01
2025-04-23T23:00,2.33,3.48
2025-04-24T00:00,2.11,4.55
2025-04-24T01:00,2.23,5.03
2025-04-24T02:00,2.11,4.73
2025-04-24T03:00,2.66,5.53
2025-04-24T04:00,2.86,6.06
2025-04-24T05:00,2.20,5.30
2025-04-24T06:00,1.75,4.53
2025-04-24T07:00,1.36,3.97
2025-04-24T08:00,1.20,3.70
2025-04-24T09:00,0.92,3.00
2025-04-24T10:00,1.10,2.89
2025-04-24T11:00,1.45,3.42
2025-04-24T12:00,1.50,4.11
2025-04-24T13:00,1.03,2.48
2025-04-24T14:00,1.24,1.93
2025-04-24T15:00,2.06,2.97
2025-04-24T16:00,2.52,3.56
2025-04-24T17:00,2.95,4.10
2025-04-24T18:00,3.16,4.43
2025-04-24T19:00,3.42,4.74
2025-04-24T20:00,3.67,5.19
2025-04-24T21:00,3.65,5.22
2025-04-24T22:00,3.46,5.08
2025-04-24T23:00,3.26,5.23
2025-04-25T00:00,3.22,6.23
2025-04-25T01:00,3.31,6.59
2025-04-25T02:00,3.01,6.38
2025-04-25T03:00,2.89,6.39
2025-04-25T04:00,2.87,6.36
2025-04-25T05:00,2.86,6.35
2025-04-25T06:00,2.75,6.12
2025-04-25T07:00,2.37,5.48
2025-04-25T08:00,2.07,5.11
2025-04-25T09:00,1.61,4.55
2025-04-25T10:00,1.50,4.33
2025-04-25T11:00,1.80,4.22
2025-04-25T12:00,1.44,4.59
2025-04-25T13:00,1.50,2.56
2025-04-25T14:00,1.95,2.81
2025-04-25T15:00,2.35,3.35
2025-04-25T16:00,2.91,4.16
2025-04-25T17:00,3.72,5.28
2025-04-25T18:00,3.37,4.92
2025-04-25T19:00,3.86,5.55
2025-04-25T20:00,3.87,5.59
2025-04-25T21:00,4.06,5.99
2025-04-25T22:00,4.90,7.40
2025-04-25T23:00,4.72,7.58
2025-04-26T00:00,3.11,5.85
2025-04-26T01:00,1.99,4.26
2025-04-26T02:00,2.06,4.07
2025-04-26T03:00,3.20,6.24
2025-04-26T04:00,3.96,7.27
2025-04-26T05:00,5.03,9.02
2025-04-26T06:00,4.49,8.19
2025-04-26T07:00,4.13,7.64
2025-04-26T08:00,4.43,8.15
2025-04-26T09:00,4.67,8.54
2025-04-26T10:00,4.70,8.50
2025-04-26T11:00,4.52,8.23
2025-04-26T12:00,4.43,7.84
2025-04-26T13:00,4.37,7.88
2025-04-26T14:00,4.28,7.39
2025-04-26T15:00,5.34,7.96
2025-04-26T16:00,4.46,6.80
2025-04-26T17:00,3.93,5.74
2025-04-26T18:00,3.83,5.47
2025-04-26T19:00,2.93,4.73
2025-04-26T20:00,4.68,6.98
2025-04-26T21:00,6.62,10.26
2025-04-26T22:00,6.27,9.89
2025-04-26T23:00,6.54,10.82
2025-04-27T00:00,6.70,11.40
2025-04-27T01:00,7.46,12.70
2025-04-27T02:00,7.39,12.62
2025-04-27T03:00,6.44,11.19
2025-04-27T04:00,4.84,8.65
2025-04-27T05:00,4.35,7.79
2025-04-27T06:00,5.02,8.81
2025-04-27T07:00,5.31,9.37
2025-04-27T08:00,5.16,9.58
2025-04-27T09:00,6.12,10.96
2025-04-27T10:00,6.98,12.20
2025-04-27T11:00,6.51,11.24
2025-04-27T12:00,5.56,9.21
2025-04-27T13:00,6.67,10.54
2025-04-27T14:00,6.66,10.29
2025-04-27T15:00,6.85,10.45
2025-04-27T16:00,7.22,11.02
2025-04-27T17:00,6.86,10.36
2025-04-27T18:00,6.41,9.64
2025-04-27T19:00,6.40,9.62
2025-04-27T20:00,6.44,9.80
2025-04-27T21:00,6.33,9.80
2025-04-27T22:00,6.08,9.66
2025-04-27T23:00,4.82,8.42
2025-04-28T00:00,4.28,8.31
2025-04-28T01:00,3.83,8.31
2025-04-28T02:00,3.84,8.40
2025-04-28T03:00,3.89,8.45
2025-04-28T04:00,3.55,7.93
2025-04-28T05:00,2.93,6.97
2025-04-28T06:00,2.39,6.08
2025-04-28T07:00,1.82,5.22
2025-04-28T08:00,1.54,4.20
2025-04-28T09:00,1.69,3.93
2025-04-28T10:00,1.90,4.06
2025-04-28T11:00,2.05,4.07
2025-04-28T12:00,1.89,3.94
2025-04-28T13:00,1.13,2.86
2025-04-28T14:00,0.86,1.23
2025-04-28T15:00,0.22,0.32
2025-04-28T16:00,0.71,0.99
2025-04-28T17:00,0.91,1.27
2025-04-28T18:00,1.30,1.80
2025-04-28T19:00,1.77,2.46
2025-04-28T20:00,1.93,2.68
2025-04-28T21:00,1.80,2.50
2025-04-28T22:00,1.92,2.67
2025-04-28T23:00,2.04,3.78
2025-04-29T00:00,2.16,5.52
2025-04-29T01:00,2.44,6.28
2025-04-29T02:00,3.57,7.73
2025-04-29T03:00,3.36,7.55
2025-04-29T04:00,3.25,7.35
2025-04-29T05:00,3.40,7.53
2025-04-29T06:00,3.66,7.84
2025-04-29T07:00,3.37,7.47
2025-04-29T08:00,3.50,7.62
2025-04-29T09:00,3.59,7.68
2025-04-29T10:00,3.83,8.06
2025-04-29T11:00,4.04,8.10
2025-04-29T12:00,3.13,8.59
2025-04-29T13:00,4.00,6.48
2025-04-29T14:00,3.95,6.02
2025-04-29T15:00,3.86,5.68
2025-04-29T16:00,3.81,5.53
2025-04-29T17:00,4.00,5.77
2025-04-29T18:00,4.44,6.45
2025-04-29T19:00,5.14,7.55
2025-04-29T20:00,5.48,8.15
2025-04-29T21:00,5.95,8.93
2025-04-29T22:00,6.02,9.30
2025-04-29T23:00,5.15,8.82
2025-04-30T00:00,5.61,9.92
2025-04-30T01:00,5.28,9.67
2025-04-30T02:00,5.04,9.39
2025-04-30T03:00,5.04,9.43
2025-04-30T04:00,4.53,8.66
2025-04-30T05:00,4.25,7.98
2025-04-30T06:00,2.09,5.03
2025-04-30T07:00,2.23,5.55
2025-04-30T08:00,2.20,5.19
2025-04-30T09:00,2.45,5.56
2025-04-30T10:00,2.15,5.19
2025-04-30T11:00,2.37,5.34
2025-04-30T12:00,2.97,6.69
2025-04-30T13:00,3.56,5.39
2025-04-30T14:00,4.32,6.34
2025-04-30T15:00,3.93,5.70
2025-04-30T16:00,4.10,5.87
2025-04-30T17:00,4.08,5.85
2025-04-30T18:00,3.32,4.70
2025-04-30T19:00,4.48,6.19
2025-04-30T20:00,4.21,5.97
2025-04-30T21:00,3.16,4.43
2025-04-30T22:00,3.03,4.35
2025-04-30T23:00,2.21,3.50
2025-05-01T00:00,1.12,3.03
2025-05-01T01:00,1.28,3.25
2025-05-01T02:00,1.93,5.05
2025-05-01T03:00,1.60,4.40
2025-05-01T04:00,1.90,5.05
2025-05-01T05:00,1.90,4.98
2025-05-01T06:00,2.05,4.98
2025-05-01T07:00,1.90,4.71
2025-05-01T08:00,1.92,4.56
2025-05-01T09:00,2.26,5.25
2025-05-01T10:00,2.53,5.58
2025-05-01T11:00,2.88,5.65
2025-05-01T12:00,2.52,4.95
2025-05-01T13:00,2.25,3.39
2025-05-01T14:00,2.36,3.40
2025-05-01T15:00,2.75,3.95
2025-05-01T16:00,3.23,4.54
2025-05-01T17:00,3.21,4.51
2025-05-01T18:00,3.18,4.45
2025-05-01T19:00,3.24,4.58
2025-05-01T20:00,3.31,4.73
2025-05-01T21:00,4.52,6.83
2025-05-01T22:00,2.77,4.34
2025-05-01T23:00,3.19,5.54
2025-05-02T00:00,3.40,6.33
2025-05-02T01:00,3.01,5.52
2025-05-02T02:00,4.00,7.76
2025-05-02T03:00,4.28,8.24
2025-05-02T04:00,4.54,8.57
2025-05-02T05:00,4.25,8.19
2025-05-02T06:00,3.89,7.60
2025-05-02T07:00,3.87,7.41
2025-05-02T08:00,3.72,7.39
2025-05-02T09:00,3.42,6.99
2025-05-02T10:00,3.36,7.00
2025-05-02T11:00,3.26,6.58
2025-05-02T12:00,2.45,5.34
2025-05-02T13:00,2.67,4.06
2025-05-02T14:00,2.64,3.83
2025-05-02T15:00,2.25,3.15
2025-05-02T16:00,2.27,3.14
2025-05-02T17:00,2.91,4.00
2025-05-02T18:00,2.79,3.92
2025-05-02T19:00,3.79,5.24
2025-05-02T20:00,3.78,5.31
2025-05-02T21:00,2.72,3.91
2025-05-02T22:00,4.14,6.12
2025-05-02T23:00,2.92,5.16
2025-05-03T00:00,3.52,6.96
2025-05-03T01:00,1.83,3.31
2025-05-03T02:00,1.00,1.78
2025-05-03T03:00,2.50,5.51
2025-05-03T04:00,2.73,5.94
2025-05-03T05:00,2.69,6.19
2025-05-03T06:00,2.20,5.24
2025-05-03T07:00,2.74,6.04
2025-05-03T08:00,2.93,6.46
2025-05-03T09:00,2.99,6.49
2025-05-03T10:00,3.16,6.71
2025-05-03T11:00,3.70,7.16
2025-05-03T12:00,3.00,5.77
2025-05-03T13:00,3.92,5.91
2025-05-03T14:00,3.18,4.60
2025-05-03T15:00,3.46,5.19
2025-05-03T16:00,3.16,4.72
2025-05-03T17:00,3.88,5.56
2025-05-03T18:00,4.19,6.07
2025-05-03T19:00,4.78,6.85
2025-05-03T20:00,4.58,6.74
2025-05-03T21:00,3.24,5.21
2025-05-03T22:00,0.96,1.59
2025-05-03T23:00,2.02,2.83
2025-05-04T00:00,1.21,1.01
2025-05-04T01:00,1.93,3.49
2025-05-04T02:00,1.50,3.46
2025-05-04T03:00,0.45,0.87
2025-05-04T04:00,1.17,2.16
2025-05-04T05:00,2.10,3.36
2025-05-04T06:00,2.21,3.85
2025-05-04T07:00,2.86,5.09
2025-05-04T08:00,2.88,5.50
2025-05-04T09:00,3.23,6.07
2025-05-04T10:00,3.55,6.58
2025-05-04T11:00,3.12,5.93
2025-05-04T12:00,2.71,5.22
2025-05-04T13:00,3.10,5.66
2025-05-04T14:00,3.68,6.06
2025-05-04T15:00,2.85,4.31
2025-05-04T16:00,3.92,5.93
2025-05-04T17:00,3.65,5.67
2025-05-04T18:00,3.61,5.41
2025-05-04T19:00,3.21,4.91
2025-05-04T20:00,3.55,5.35
2025-05-04T21:00,4.23,6.33
2025-05-04T22:00,3.60,5.99
2025-05-04T23:00,2.89,5.36
2025-05-05T00:00,1.83,4.45
2025-05-05T01:00,2.73,5.59
2025-05-05T02:00,2.34,5.01
2025-05-05T03:00,2.23,4.77
2025-05-05T04:00,1.42,3.90
2025-05-05T05:00,0.96,2.79
2025-05-05T06:00,1.07,2.31
2025-05-05T07:00,1.23,2.44
2025-05-05T08:00,1.52,2.80
2025-05-05T09:00,1.48,3.22
2025-05-05T10:00,1.50,3.45
2025-05-05T11:00,1.81,3.05
2025-05-05T12:00,2.45,3.86
2025-05-05T13:00,3.46,5.36
2025-05-05T14:00,3.66,5.51
2025-05-05T15:00,3.56,5.24
2025-05-05T16:00,3.69,5.71
2025-05-05T17:00,3.49,5.08
2025-05-05T18:00,3.90,5.66
2025-05-05T19:00,2.80,4.31
2025-05-05T20:00,3.48,5.05
2025-05-05T21:00,2.49,3.55
2025-05-05T22:00,4.50,7.76
2025-05-05T23:00,1.27,1.93
2025-05-06T00:00,1.44,3.44
2025-05-06T01:00,3.69,6.68
2025-05-06T02:00,4.27,7.67
2025-05-06T03:00,1.90,3.90
2025-05-06T04:00,2.40,4.25
2025-05-06T05:00,0.98,2.69
2025-05-06T06:00,0.43,2.10
2025-05-06T07:00,1.32,3.65
2025-05-06T08:00,1.31,3.58
2025-05-06T09:00,1.54,3.63
2025-05-06T10:00,1.72,3.81
2025-05-06T11:00,2.37,3.83
2025-05-06T12:00,1.99,2.80
2025-05-06T13:00,0.63,0.81
2025-05-06T14:00,1.19,1.57
2025-05-06T15:00,2.71,3.74
2025-05-06T16:00,4.30,6.38
2025-05-06T17:00,3.98,5.77
2025-05-06T18:00,4.62,6.79
2025-05-06T19:00,5.63,8.50
2025-05-06T20:00,4.61,6.76
2025-05-06T21:00,2.70,4.01
2025-05-06T22:00,2.15,3.30
2025-05-06T23:00,1.47,2.83
2025-05-07T00:00,0.51,2.11
2025-05-07T01:00,1.22,2.55
2025-05-07T02:00,2.30,5.26
2025-05-07T03:00,1.92,4.69
2025-05-07T04:00,1.23,3.25
2025-05-07T05:00,0.40,1.07
2025-05-07T06:00,1.12,2.21
2025-05-07T07:00,1.68,3.93
2025-05-07T08:00,2.20,5.11
2025-05-07T09:00,2.06,5.07
2025-05-07T10:00,1.67,4.59
2025-05-07T11:00,2.21,5.00
2025-05-07T12:00,3.22,5.49
2025-05-07T13:00,2.31,3.38
2025-05-07T14:00,3.48,4.96
2025-05-07T15:00,3.73,5.44
2025-05-07T16:00,3.82,5.55
2025-05-07T17:00,3.94,5.75
2025-05-07T18:00,3.56,5.16
2025-05-07T19:00,3.27,4.73
2025-05-07T20:00,2.86,4.12
2025-05-07T21:00,2.78,4.03
2025-05-07T22:00,1.91,3.32
2025-05-07T23:00,1.51,3.46
2025-05-08T00:00,1.11,3.25
2025-05-08T01:00,0.80,2.45
2025-05-08T02:00,1.23,2.74
2025-05-08T03:00,1.35,3.68
2025-05-08T04:00,0.80,3.14
2025-05-08T05:00,0.42,2.36
2025-05-08T06:00,0.50,2.50
2025-05-08T07:00,1.14,3.12
2025-05-08T08:00,1.38,4.07
2025-05-08T09:00,1.05,2.93
2025-05-08T10:00,1.36,2.43
2025-05-08T11:00,1.95,3.14
2025-05-08T12:00,1.31,3.08
2025-05-08T13:00,0.68,1.50
2025-05-08T14:00,0.47,0.68
2025-05-08T15:00,0.51,0.65
2025-05-08T16:00,1.20,1.65
2025-05-08T17:00,0.97,1.33
2025-05-08T18:00,1.38,1.94
2025-05-08T19:00,1.00,1.43
2025-05-08T20:00,1.30,1.71
2025-05-08T21:00,1.45,2.26
2025-05-08T22:00,1.27,1.70
2025-05-08T23:00,0.75,1.05
2025-05-09T00:00,0.61,1.43
2025-05-09T01:00,1.31,3.98
2025-05-09T02:00,4.15,6.18
2025-05-09T03:00,2.80,5.28
2025-05-09T04:00,2.48,5.42
2025-05-09T05:00,0.36,1.92
2025-05-09T06:00,1.69,3.78
2025-05-09T07:00,1.01,3.00
2025-05-09T08:00,1.35,3.18
2025-05-09T09:00,1.46,2.80
2025-05-09T10:00,1.87,3.07
2025-05-09T11:00,3.00,5.00
2025-05-09T12:00,3.20,5.87
2025-05-09T13:00,3.77,6.15
2025-05-09T14:00,3.02,4.77
2025-05-09T15:00,4.14,6.06
2025-05-09T16:00,4.76,7.04
2025-05-09T17:00,4.15,6.12
2025-05-09T18:00,4.42,6.66
2025-05-09T19:00,5.12,7.71
2025-05-09T20:00,4.74,7.13
2025-05-09T21:00,5.03,7.67
2025-05-09T22:00,4.76,7.34
2025-05-09T23:00,3.78,6.17
2025-05-10T00:00,2.83,5.57
2025-05-10T01:00,0.43,2.15
2025-05-10T02:00,0.97,2.30
2025-05-10T03:00,1.08,3.06
2025-05-10T04:00,1.29,3.80
2025-05-10T05:00,2.76,6.30
2025-05-10T06:00,3.95,8.17
2025-05-10T07:00,4.08,8.31
2025-05-10T08:00,4.18,8.49
2025-05-10T09:00,3.94,8.17
2025-05-10T10:00,3.69,7.79
2025-05-10T11:00,3.56,7.30
2025-05-10T12:00,2.83,7.97
2025-05-10T13:00,3.60,5.88
2025-05-10T14:00,4.87,7.44
2025-05-10T15:00,4.66,7.05
2025-05-10T16:00,4.33,6.42
2025-05-10T17:00,4.16,6.11
2025-05-10T18:00,4.23,6.17
2025-05-10T19:00,3.78,5.59
2025-05-10T20:00,3.13,4.62
2025-05-10T21:00,2.83,4.19
2025-05-10T22:00,2.47,3.90
2025-05-10T23:00,1.55,3.71
2025-05-11T00:00,1.39,3.69
2025-05-11T01:00,2.67,6.31
2025-05-11T02:00,2.76,6.69
2025-05-11T03:00,2.70,6.61
2025-05-11T04:00,2.58,6.51
2025-05-11T05:00,2.48,6.40
2025-05-11T06:00,2.01,5.64
2025-05-11T07:00,1.79,5.22
2025-05-11T08:00,1.54,4.62
2025-05-11T09:00,1.45,4.19
2025-05-11T10:00,1.48,4.05
2025-05-11T11:00,1.72,4.08
2025-05-11T12:00,1.43,3.76
2025-05-11T13:00,0.92,3.89
2025-05-11T14:00,0.40,0.68
2025-05-11T15:00,0.11,0.16
2025-05-11T16:00,0.25,0.36
2025-05-11T17:00,0.45,0.55
2025-05-11T18:00,0.43,0.54
2025-05-11T19:00,0.74,1.01
2025-05-11T20:00,0.66,0.81
2025-05-11T21:00,1.17,1.46
2025-05-11T22:00,1.74,2.94
2025-05-11T23:00,1.73,3.97
2025-05-12T00:00,0.87,3.19
2025-05-12T01:00,1.99,5.38
2025-05-12T02:00,2.77,6.21
2025-05-12T03:00,2.13,5.49
2025-05-12T04:00,1.48,4.52
2025-05-12T05:00,1.04,3.50
2025-05-12T06:00,0.32,2.25
2025-05-12T07:00,0.43,1.73
2025-05-12T08:00,0.50,0.79
2025-05-12T09:00,1.40,3.51
2025-05-12T10:00,0.57,2.67
2025-05-12T11:00,1.11,2.25
2025-05-12T12:00,1.37,3.34
2025-05-12T13:00,0.78,1.20
2025-05-12T14:00,0.96,1.38
2025-05-12T15:00,1.42,2.03
2025-05-12T16:00,2.34,3.34
2025-05-12T17:00,2.78,3.98
2025-05-12T18:00,3.05,4.32
2025-05-12T19:00,2.51,3.67
2025-05-12T20:00,3.55,5.10
2025-05-12T21:00,3.16,4.74
2025-05-12T22:00,2.90,4.51
2025-05-12T23:00,2.38,4.40
2025-05-13T00:00,1.98,4.10
2025-05-13T01:00,2.48,5.19
2025-05-13T02:00,2.20,4.84
2025-05-13T03:00,2.56,5.24
2025-05-13T04:00,2.44,5.23
2025-05-13T05:00,2.80,5.65
2025-05-13T06:00,2.02,4.51
2025-05-13T07:00,2.64,5.32
2025-05-13T08:00,2.48,5.17
2025-05-13T09:00,2.41,4.94
2025-05-13T10:00,2.64,5.17
2025-05-13T11:00,3.15,5.89
2025-05-13T12:00,3.58,6.46
2025-05-13T13:00,4.00,7.26
2025-05-13T14:00,5.27,8.37
2025-05-13T15:00,5.10,8.52
2025-05-13T16:00,5.00,8.52
2025-05-13T17:00,5.72,9.62
2025-05-13T18:00,6.36,10.64
2025-05-13T19:00,6.39,10.56
2025-05-13T20:00,6.46,10.68
2025-05-13T21:00,6.11,10.15
2025-05-13T22:00,5.85,9.71
2025-05-13T23:00,4.49,8.10
2025-05-14T00:00,6.02,10.16
2025-05-14T01:00,5.17,9.11
2025-05-14T02:00,6.15,10.52
2025-05-14T03:00,5.85,10.16
2025-05-14T04:00,5.48,9.52
2025-05-14T05:00,4.60,8.17
2025-05-14T06:00,3.69,6.80
2025-05-14T07:00,3.44,6.41
2025-05-14T08:00,3.29,6.10
2025-05-14T09:00,2.86,5.55
2025-05-14T10:00,2.56,5.00
2025-05-14T11:00,2.51,4.61
2025-05-14T12:00,2.75,4.53
2025-05-14T13:00,2.20,2.83
2025-05-14T14:00,2.15,2.71
2025-05-14T15:00,1.47,1.91
2025-05-14T16:00,1.30,1.75
2025-05-14T17:00,1.12,1.53
2025-05-14T18:00,1.25,1.72
2025-05-14T19:00,1.55,2.11
2025-05-14T20:00,2.71,3.78
2025-05-14T21:00,2.25,3.21
2025-05-14T22:00,2.67,3.94
2025-05-14T23:00,2.08,3.69
2025-05-15T00:00,2.35,4.10
2025-05-15T01:00,1.48,3.01
2025-05-15T02:00,0.96,2.02
2025-05-15T03:00,2.10,4.36
2025-05-15T04:00,1.74,3.44
2025-05-15T05:00,1.92,3.74
2025-05-15T06:00,1.68,3.08
2025-05-15T07:00,1.68,2.73
2025-05-15T08:00,0.83,2.05
2025-05-15T09:00,0.39,0.67
2025-05-15T10:00,0.80,1.10
2025-05-15T11:00,1.21,2.06
2025-05-15T12:00,1.60,2.75
2025-05-15T13:00,1.61,2.26
2025-05-15T14:00,0.83,1.10
2025-05-15T15:00,0.93,1.17
2025-05-15T16:00,1.35,1.81
2025-05-15T17:00,1.31,1.78
2025-05-15T18:00,0.79,1.06
2025-05-15T19:00,1.38,1.91
2025-05-15T20:00,1.71,2.32
2025-05-15T21:00,2.02,2.83
2025-05-15T22:00,2.34,3.40
2025-05-15T23:00,1.84,3.36
2025-05-16T00:00,1.11,3.02
2025-05-16T01:00,1.27,2.92
2025-05-16T02:00,1.50,3.00
2025-05-16T03:00,1.77,4.20
2025-05-16T04:00,1.63,4.09
2025-05-16T05:00,1.45,4.15
2025-05-16T06:00,1.71,4.42
2025-05-16T07:00,1.51,4.08
2025-05-16T08:00,1.61,3.91
2025-05-16T09:00,1.74,4.53
2025-05-16T10:00,1.44,4.23
2025-05-16T11:00,1.25,2.59
2025-05-16T12:00,0.76,1.77
2025-05-16T13:00,0.71,1.67
2025-05-16T14:00,0.62,0.79
2025-05-16T15:00,1.12,1.58
2025-05-16T16:00,0.45,0.69
2025-05-16T17:00,1.00,1.30
2025-05-16T18:00,2.01,2.74
2025-05-16T19:00,2.02,2.76
2025-05-16T20:00,2.67,3.76
2025-05-16T21:00,2.30,3.97
2025-05-16T22:00,2.18,3.45
2025-05-16T23:00,0.96,2.29
2025-05-17T00:00,2.07,4.52
2025-05-17T01:00,1.56,3.01
2025-05-17T02:00,2.90,6.39
2025-05-17T03:00,3.89,7.90
2025-05-17T04:00,3.67,7.87
2025-05-17T05:00,3.61,7.89
2025-05-17T06:00,3.44,7.41
2025-05-17T07:00,3.71,7.74
2025-05-17T08:00,3.91,8.05
2025-05-17T09:00,3.66,7.60
2025-05-17T10:00,2.79,6.51
2025-05-17T11:00,2.68,6.27
2025-05-17T12:00,4.43,8.57
2025-05-17T13:00,4.35,7.98
2025-05-17T14:00,4.68,7.39
2025-05-17T15:00,4.88,7.51
2025-05-17T16:00,4.60,6.86
2025-05-17T17:00,4.46,6.59
2025-05-17T18:00,4.98,7.50
2025-05-17T19:00,5.80,8.68
2025-05-17T20:00,6.18,9.28
2025-05-17T21:00,4.97,8.29
2025-05-17T22:00,4.51,7.93
2025-05-17T23:00,3.98,7.74
2025-05-18T00:00,2.25,5.71
2025-05-18T01:00,3.48,7.75
2025-05-18T02:00,5.70,10.76
2025-05-18T03:00,3.75,7.58
2025-05-18T04:00,4.61,8.82
2025-05-18T05:00,3.78,7.42
2025-05-18T06:00,2.87,6.22
2025-05-18T07:00,1.90,5.05
2025-05-18T08:00,1.98,5.14
2025-05-18T09:00,2.50,5.89
2025-05-18T10:00,3.10,6.66
2025-05-18T11:00,3.51,6.85
2025-05-18T12:00,4.35,7.40
2025-05-18T13:00,3.85,6.12
2025-05-18T14:00,5.26,8.05
2025-05-18T15:00,5.54,8.39
2025-05-18T16:00,5.14,7.78
2025-05-18T17:00,6.04,9.18
2025-05-18T18:00,6.41,9.74
2025-05-18T19:00,6.02,9.17
2025-05-18T20:00,6.05,9.34
2025-05-18T21:00,5.66,9.03
2025-05-18T22:00,5.14,8.54
2025-05-18T23:00,4.74,8.39
2025-05-19T00:00,4.38,8.35
2025-05-19T01:00,3.51,7.41
2025-05-19T02:00,3.42,7.31
2025-05-19T03:00,3.74,7.63
2025-05-19T04:00,4.14,7.99
2025-05-19T05:00,3.75,7.21
2025-05-19T06:00,3.50,6.95
2025-05-19T07:00,3.37,6.76
2025-05-19T08:00,3.51,7.00
2025-05-19T09:00,3.91,7.55
2025-05-19T10:00,4.01,7.65
2025-05-19T11:00,4.00,7.28
2025-05-19T12:00,4.50,7.26
2025-05-19T13:00,4.54,6.98
2025-05-19T14:00,4.23,6.29
2025-05-19T15:00,4.58,6.74
2025-05-19T16:00,5.45,8.10
2025-05-19T17:00,5.36,7.99
2025-05-19T18:00,5.16,7.67
2025-05-19T19:00,5.59,8.29
2025-05-19T20:00,5.80,8.74
2025-05-19T21:00,5.45,8.31
2025-05-19T22:00,5.12,7.95
2025-05-19T23:00,4.04,7.00
2025-05-20T00:00,3.33,6.66
2025-05-20T01:00,2.93,6.45
2025-05-20T02:00,3.11,6.47
2025-05-20T03:00,2.68,6.00
2025-05-20T04:00,2.91,6.37
2025-05-20T05:00,3.35,7.01
2025-05-20T06:00,3.17,6.67
2025-05-20T07:00,3.26,6.70
2025-05-20T08:00,2.75,5.83
2025-05-20T09:00,2.61,5.52
2025-05-20T10:00,2.34,5.12
2025-05-20T11:00,1.56,3.44
2025-05-20T12:00,2.23,3.42
2025-05-20T13:00,1.60,2.30
2025-05-20T14:00,1.47,2.04
2025-05-20T15:00,1.34,1.88
2025-05-20T16:00,1.36,1.95
2025-05-20T17:00,1.49,2.02
2025-05-20T18:00,1.70,2.34
2025-05-20T19:00,1.67,2.27
2025-05-20T20:00,1.32,1.79
2025-05-20T21:00,0.64,0.83
2025-05-20T22:00,1.33,1.84
2025-05-20T23:00,0.75,1.05
2025-05-21T00:00,0.79,2.22
2025-05-21T01:00,2.11,4.43
2025-05-21T02:00,2.39,5.03
2025-05-21T03:00,2.06,4.69
2025-05-21T04:00,1.67,4.37
2025-05-21T05:00,2.01,4.68
2025-05-21T06:00,2.31,5.14
2025-05-21T07:00,2.80,5.44
2025-05-21T08:00,3.09,6.01
2025-05-21T09:00,3.39,6.33
2025-05-21T10:00,3.44,6.33
2025-05-21T11:00,3.80,6.74
2025-05-21T12:00,4.23,7.18
2025-05-21T13:00,4.33,7.49
2025-05-21T14:00,3.94,6.43
2025-05-21T15:00,4.02,6.24
2025-05-21T16:00,4.77,7.10
2025-05-21T17:00,5.14,7.83
2025-05-21T18:00,5.50,8.29
2025-05-21T19:00,5.20,7.76
2025-05-21T20:00,4.73,7.39
2025-05-21T21:00,4.61,7.29
2025-05-21T22:00,4.50,6.83
2025-05-21T23:00,3.80,6.10
2025-05-22T00:00,4.00,6.78
2025-05-22T01:00,3.00,5.22
2025-05-22T02:00,2.72,4.83
2025-05-22T03:00,2.84,5.20
2025-05-22T04:00,2.38,4.70
2025-05-22T05:00,2.20,4.30
2025-05-22T06:00,1.66,3.55
2025-05-22T07:00,1.69,3.41
2025-05-22T08:00,1.37,3.01
2025-05-22T09:00,1.41,2.95
2025-05-22T10:00,0.96,2.43
2025-05-22T11:00,1.52,2.43
2025-05-22T12:00,1.33,1.89
2025-05-22T13:00,2.14,2.99
2025-05-22T14:00,1.32,1.80
2025-05-22T15:00,1.52,2.06
2025-05-22T16:00,1.95,2.72
2025-05-22T17:00,1.13,1.63
2025-05-22T18:00,1.20,1.74
2025-05-22T19:00,4.52,8.87
2025-05-22T20:00,1.90,3.18
2025-05-22T21:00,4.59,6.74
2025-05-22T22:00,3.44,5.21
2025-05-22T23:00,2.93,4.88
2025-05-23T00:00,3.10,5.71
2025-05-23T01:00,3.17,6.26
2025-05-23T02:00,3.89,7.29
2025-05-23T03:00,3.31,6.44
2025-05-23T04:00,3.35,6.74
2025-05-23T05:00,3.19,6.53
2025-05-23T06:00,2.81,6.01
2025-05-23T07:00,2.71,5.96
2025-05-23T08:00,3.01,6.20
2025-05-23T09:00,3.07,6.31
2025-05-23T10:00,3.00,6.18
2025-05-23T11:00,3.21,6.26
2025-05-23T12:00,3.30,5.63
2025-05-23T13:00,4.02,6.28
2025-05-23T14:00,5.14,7.84
2025-05-23T15:00,5.25,7.86
2025-05-23T16:00,4.77,7.05
2025-05-23T17:00,4.57,6.78
2025-05-23T18:00,5.17,7.69
2025-05-23T19:00,5.25,8.01
2025-05-23T20:00,5.48,8.26
2025-05-23T21:00,6.03,9.46
2025-05-23T22:00,5.82,9.48
2025-05-23T23:00,4.92,8.53
2025-05-24T00:00,3.97,7.43
2025-05-24T01:00,3.08,6.38
2025-05-24T02:00,2.65,6.06
2025-05-24T03:00,3.50,7.26
2025-05-24T04:00,3.41,7.15
2025-05-24T05:00,3.72,7.58
2025-05-24T06:00,3.74,7.50
2025-05-24T07:00,3.45,7.16
2025-05-24T08:00,3.35,7.20
2025-05-24T09:00,3.20,6.98
2025-05-24T10:00,3.05,6.73
2025-05-24T11:00,3.25,6.65
2025-05-24T12:00,2.83,6.15
2025-05-24T13:00,6.13,9.29
2025-05-24T14:00,5.88,8.90
2025-05-24T15:00,6.11,9.18
2025-05-24T16:00,5.81,8.68
2025-05-24T17:00,5.77,8.61
2025-05-24T18:00,5.34,8.16
2025-05-24T19:00,6.02,9.04
2025-05-24T20:00,5.55,8.34
2025-05-24T21:00,5.45,8.36
2025-05-24T22:00,4.42,7.20
2025-05-24T23:00,3.40,6.13
2025-05-25T00:00,3.03,6.30
2025-05-25T01:00,2.13,5.83
2025-05-25T02:00,2.42,6.34
2025-05-25T03:00,3.32,7.56
2025-05-25T04:00,3.06,6.96
2025-05-25T05:00,2.85,6.67
2025-05-25T06:00,2.50,6.07
2025-05-25T07:00,2.58,6.13
2025-05-25T08:00,2.50,5.94
2025-05-25T09:00,2.57,5.98
2025-05-25T10:00,2.45,5.80
2025-05-25T11:00,2.35,4.95
2025-05-25T12:00,1.68,3.20
2025-05-25T13:00,2.14,3.21
2025-05-25T14:00,2.66,3.83
2025-05-25T15:00,2.66,3.70
2025-05-25T16:00,2.38,3.37
2025-05-25T17:00,3.05,4.29
2025-05-25T18:00,4.08,5.83
2025-05-25T19:00,3.91,5.67
2025-05-25T20:00,4.01,6.02
2025-05-25T21:00,3.42,5.28
2025-05-25T22:00,2.87,4.90
2025-05-25T23:00,3.83,6.89
2025-05-26T00:00,2.57,5.40
2025-05-26T01:00,2.58,5.59
2025-05-26T02:00,0.97,3.21
2025-05-26T03:00,0.67,2.28
2025-05-26T04:00,1.03,2.65
2025-05-26T05:00,1.91,4.53
2025-05-26T06:00,1.77,4.51
2025-05-26T07:00,1.95,4.46
2025-05-26T08:00,2.35,5.21
2025-05-26T09:00,2.07,4.83
2025-05-26T10:00,2.29,5.03
2025-05-26T11:00,1.88,4.37
2025-05-26T12:00,1.30,3.57
2025-05-26T13:00,0.81,2.00
2025-05-26T14:00,1.00,1.57
2025-05-26T15:00,0.69,1.05
2025-05-26T16:00,0.65,0.85
2025-05-26T17:00,0.70,0.71
2025-05-26T18:00,1.27,1.51
2025-05-26T19:00,0.92,1.08
2025-05-26T20:00,0.95,1.12
2025-05-26T21:00,0.63,0.87
2025-05-26T22:00,1.35,1.94
2025-05-26T23:00,0.79,1.11
2025-05-27T00:00,1.84,4.13
2025-05-27T01:00,1.54,3.72
2025-05-27T02:00,1.38,3.80
2025-05-27T03:00,1.38,3.93
2025-05-27T04:00,2.02,5.12
2025-05-27T05:00,1.58,4.50
2025-05-27T06:00,1.19,3.59
2025-05-27T07:00,0.56,2.65
2025-05-27T08:00,1.07,3.01
2025-05-27T09:00,1.07,3.13
2025-05-27T10:00,0.90,1.75
2025-05-27T11:00,0.87,1.69
2025-05-27T12:00,1.19,2.85
2025-05-27T13:00,0.85,1.97
2025-05-27T14:00,1.30,1.99
2025-05-27T15:00,1.37,1.92
2025-05-27T16:00,1.99,2.91
2025-05-27T17:00,2.41,3.54
2025-05-27T18:00,2.34,3.55
2025-05-27T19:00,2.38,3.57
2025-05-27T20:00,2.44,3.92
2025-05-27T21:00,1.86,3.43
2025-05-27T22:00,1.75,3.39
2025-05-27T23:00,0.90,2.15
2025-05-28T00:00,0.86,2.29
2025-05-28T01:00,1.38,1.95
2025-05-28T02:00,2.15,3.87
2025-05-28T03:00,2.88,5.30
2025-05-28T04:00,3.13,6.15
2025-05-28T05:00,3.50,6.60
2025-05-28T06:00,3.50,6.40
2025-05-28T07:00,3.78,6.91
2025-05-28T08:00,3.84,7.42
2025-05-28T09:00,4.34,8.07
2025-05-28T10:00,4.45,8.28
2025-05-28T11:00,4.99,8.99
2025-05-28T12:00,5.47,9.62
2025-05-28T13:00,4.89,8.52
2025-05-28T14:00,5.42,9.19
2025-05-28T15:00,6.23,10.04
2025-05-28T16:00,5.85,9.49
2025-05-28T17:00,5.79,9.55
2025-05-28T18:00,6.10,8.94
2025-05-28T19:00,5.38,8.12
2025-05-28T20:00,5.35,8.34
2025-05-28T21:00,4.65,7.97
2025-05-28T22:00,4.24,7.50
2025-05-28T23:00,3.76,6.74
2025-05-29T00:00,3.24,5.89
2025-05-29T01:00,3.25,5.75
2025-05-29T02:00,2.57,4.87
2025-05-29T03:00,2.01,3.85
2025-05-29T04:00,2.02,3.75
2025-05-29T05:00,1.98,4.00
2025-05-29T06:00,1.55,2.75
2025-05-29T07:00,1.93,3.64
2025-05-29T08:00,2.16,4.20
2025-05-29T09:00,1.70,3.66
2025-05-29T10:00,1.35,3.02
2025-05-29T11:00,1.42,2.15
2025-05-29T12:00,2.25,3.00
2025-05-29T13:00,1.75,2.39
2025-05-29T14:00,1.73,2.33
2025-05-29T15:00,1.42,1.93
2025-05-29T16:00,1.26,1.68
2025-05-29T17:00,1.75,2.42
2025-05-29T18:00,1.86,2.59
2025-05-29T19:00,1.87,2.57
2025-05-29T20:00,1.91,2.62
2025-05-29T21:00,2.11,2.94
2025-05-29T22:00,2.76,4.33
2025-05-29T23:00,2.14,4.03
2025-05-30T00:00,1.98,4.07
2025-05-30T01:00,1.66,3.91
2025-05-30T02:00,1.55,3.84
2025-05-30T03:00,2.16,4.73
2025-05-30T04:00,2.20,4.94
2025-05-30T05:00,2.91,5.67
2025-05-30T06:00,2.13,4.67
2025-05-30T07:00,1.72,4.11
2025-05-30T08:00,1.22,3.59
2025-05-30T09:00,1.51,3.67
2025-05-30T10:00,1.33,3.50
2025-05-30T11:00,1.75,3.37
2025-05-30T12:00,2.02,3.50
2025-05-30T13:00,1.70,2.45
2025-05-30T14:00,1.42,1.99
2025-05-30T15:00,0.83,1.16
2025-05-30T16:00,0.55,0.70
2025-05-30T17:00,1.07,1.44
2025-05-30T18:00,1.77,2.47
2025-05-30T19:00,2.80,3.96
2025-05-30T20:00,2.40,3.45
2025-05-30T21:00,3.35,5.10
2025-05-30T22:00,3.37,5.35
2025-05-30T23:00,3.27,5.24
2025-05-31T00:00,2.92,5.10
2025-05-31T01:00,2.44,4.70
2025-05-31T02:00,5.32,9.17
2025-05-31T03:00,4.11,7.85
2025-05-31T04:00,3.25,6.55
2025-05-31T05:00,3.23,6.45
2025-05-31T06:00,8.39,13.93
2025-05-31T07:00,8.30,13.78
2025-05-31T08:00,6.40,11.03
2025-05-31T09:00,5.80,10.22
2025-05-31T10:00,5.16,9.40
2025-05-31T11:00,4.70,8.39
2025-05-31T12:00,4.53,7.79
2025-05-31T13:00,4.50,7.16
2025-05-31T14:00,6.09,9.44
2025-05-31T15:00,5.93,9.01
2025-05-31T16:00,6.45,9.80
2025-05-31T17:00,5.42,8.22
2025-05-31T18:00,7.29,11.27
2025-05-31T19:00,4.42,6.66
2025-05-31T20:00,5.79,8.86
2025-05-31T21:00,6.26,9.35
2025-05-31T22:00,6.46,10.18
2025-05-31T23:00,5.87,9.83
2025-06-01T00:00,6.25,10.79
2025-06-01T01:00,4.93,8.95
2025-06-01T02:00,5.71,10.10
2025-06-01T03:00,5.31,9.46
2025-06-01T04:00,4.47,8.25
2025-06-01T05:00,3.40,6.83
2025-06-01T06:00,2.89,6.23
2025-06-01T07:00,2.83,6.30
2025-06-01T08:00,2.52,5.98
2025-06-01T09:00,2.25,5.63
2025-06-01T10:00,2.31,5.79
2025-06-01T11:00,2.75,5.87
2025-06-01T12:00,2.16,5.19
2025-06-01T13:00,2.06,3.36
2025-06-01T14:00,2.81,4.16
2025-06-01T15:00,3.90,5.70
2025-06-01T16:00,4.73,6.89
2025-06-01T17:00,4.57,6.63
2025-06-01T18:00,4.80,7.04
2025-06-01T19:00,4.32,6.32
2025-06-01T20:00,4.41,6.63
2025-06-01T21:00,3.29,5.32
2025-06-01T22:00,1.65,3.58
2025-06-01T23:00,1.04,2.59
2025-06-02T00:00,0.86,2.66
2025-06-02T01:00,0.86,1.90
2025-06-02T02:00,0.54,2.02
2025-06-02T03:00,1.32,2.49
2025-06-02T04:00,1.32,3.00
2025-06-02T05:00,2.20,4.97
2025-06-02T06:00,2.44,5.69
2025-06-02T07:00,2.37,5.47
2025-06-02T08:00,2.27,5.71
2025-06-02T09:00,1.70,4.67
2025-06-02T10:00,1.70,4.07
2025-06-02T11:00,2.16,4.36
2025-06-02T12:00,1.68,4.99
2025-06-02T13:00,1.72,3.06
2025-06-02T14:00,1.96,2.84
2025-06-02T15:00,2.41,3.43
2025-06-02T16:00,2.58,3.65
2025-06-02T17:00,2.37,3.25
2025-06-02T18:00,2.41,3.32
2025-06-02T19:00,2.43,3.40
2025-06-02T20:00,2.57,3.63
2025-06-02T21:00,2.65,3.76
2025-06-02T22:00,2.59,3.95
2025-06-02T23:00,1.33,2.94
2025-06-03T00:00,0.47,1.63
2025-06-03T01:00,1.45,2.72
2025-06-03T02:00,1.71,4.96
2025-06-03T03:00,1.99,5.49
2025-06-03T04:00,2.15,5.98
2025-06-03T05:00,1.95,5.84
2025-06-03T06:00,2.04,5.84
2025-06-03T07:00,1.61,5.00
2025-06-03T08:00,1.35,3.90
2025-06-03T09:00,1.10,3.13
2025-06-03T10:00,1.14,2.76
2025-06-03T11:00,1.70,3.20
2025-06-03T12:00,1.54,4.03
2025-06-03T13:00,1.00,3.38
2025-06-03T14:00,1.39,2.06
2025-06-03T15:00,1.15,1.60
2025-06-03T16:00,0.64,0.89
2025-06-03T17:00,0.52,0.76
2025-06-03T18:00,0.96,1.31
2025-06-03T19:00,1.43,2.00
2025-06-03T20:00,1.62,2.27
2025-06-03T21:00,1.86,2.64
2025-06-03T22:00,2.36,3.58
2025-06-03T23:00,2.31,4.44
2025-06-04T00:00,1.32,3.50
2025-06-04T01:00,1.52,3.95
2025-06-04T02:00,1.88,5.42
2025-06-04T03:00,1.78,5.23
2025-06-04T04:00,1.95,5.42
2025-06-04T05:00,1.87,5.50
2025-06-04T06:00,2.05,5.72
2025-06-04T07:00,2.29,5.98
2025-06-04T08:00,2.28,5.77
2025-06-04T09:00,2.43,6.05
2025-06-04T10:00,2.51,6.22
2025-06-04T11:00,2.61,5.80
2025-06-04T12:00,2.17,5.98
2025-06-04T13:00,1.92,3.10
2025-06-04T14:00,1.75,2.56
2025-06-04T15:00,1.96,2.80
2025-06-04T16:00,2.27,3.20
2025-06-04T17:00,2.61,3.63
2025-06-04T18:00,2.85,4.03
2025-06-04T19:00,2.89,4.09
2025-06-04T20:00,3.10,4.45
2025-06-04T21:00,3.50,5.15
2025-06-04T22:00,3.56,5.55
2025-06-04T23:00,2.96,5.45
2025-06-05T00:00,3.13,6.34
2025-06-05T01:00,2.93,6.31
2025-06-05T02:00,2.86,6.36
2025-06-05T03:00,2.92,6.51
2025-06-05T04:00,2.88,6.58
2025-06-05T05:00,2.70,6.24
2025-06-05T06:00,2.38,5.66
2025-06-05T07:00,2.20,5.48
2025-06-05T08:00,2.25,5.49
2025-06-05T09:00,2.42,5.55
2025-06-05T10:00,2.36,5.46
2025-06-05T11:00,2.29,4.88
2025-06-05T12:00,1.97,4.09
2025-06-05T13:00,1.97,3.00
2025-06-05T14:00,2.17,3.15
2025-06-05T15:00,2.00,2.79
2025-06-05T16:00,2.34,3.26
2025-06-05T17:00,2.58,3.60
2025-06-05T18:00,2.45,3.42
2025-06-05T19:00,2.35,3.26
2025-06-05T20:00,2.75,3.85
2025-06-05T21:00,2.97,4.26
2025-06-05T22:00,3.38,5.02
2025-06-05T23:00,3.99,6.55
2025-06-06T00:00,3.66,6.70
2025-06-06T01:00,3.35,6.58
2025-06-06T02:00,2.55,5.69
2025-06-06T03:00,2.42,5.70
2025-06-06T04:00,2.20,5.35
2025-06-06T05:00,1.48,4.35
2025-06-06T06:00,1.80,4.48
2025-06-06T07:00,1.53,4.12
2025-06-06T08:00,1.16,3.61
2025-06-06T09:00,0.95,2.83
2025-06-06T10:00,1.81,3.41
2025-06-06T11:00,1.66,2.70
2025-06-06T12:00,1.56,1.96
2025-06-06T13:00,1.25,1.60
2025-06-06T14:00,1.32,1.78
2025-06-06T15:00,1.55,2.05
2025-06-06T16:00,1.48,2.06
2025-06-06T17:00,1.61,2.17
2025-06-06T18:00,1.66,2.24
2025-06-06T19:00,2.16,2.87
2025-06-06T20:00,1.79,2.34
2025-06-06T21:00,2.04,2.79
2025-06-06T22:00,2.30,3.21
2025-06-06T23:00,2.47,3.62
2025-06-07T00:00,2.77,4.91
2025-06-07T01:00,1.17,2.62
2025-06-07T02:00,1.33,3.03
2025-06-07T03:00,0.74,2.24
2025-06-07T04:00,0.75,2.32
2025-06-07T05:00,0.86,2.14
2025-06-07T06:00,0.78,1.95
2025-06-07T07:00,0.81,2.39
2025-06-07T08:00,0.80,2.40
2025-06-07T09:00,0.50,2.05
2025-06-07T10:00,0.97,2.72
2025-06-07T11:00,1.14,2.96
2025-06-07T12:00,1.89,3.64
2025-06-07T13:00,1.91,4.38
2025-06-07T14:00,1.83,2.72
2025-06-07T15:00,3.11,4.35
2025-06-07T16:00,2.79,3.98
2025-06-07T17:00,1.84,2.52
2025-06-07T18:00,2.05,2.69
2025-06-07T19:00,2.48,3.39
2025-06-07T20:00,2.97,4.04
2025-06-07T21:00,3.29,4.70
2025-06-07T22:00,3.06,4.53
2025-06-07T23:00,2.58,4.29
2025-06-08T00:00,1.53,3.71
2025-06-08T01:00,1.18,3.12
2025-06-08T02:00,1.45,3.98
2025-06-08T03:00,1.21,3.48
2025-06-08T04:00,1.25,3.59
2025-06-08T05:00,1.76,4.27
2025-06-08T06:00,1.58,4.09
2025-06-08T07:00,1.64,4.09
2025-06-08T08:00,1.75,4.57
2025-06-08T09:00,1.80,4.53
2025-06-08T10:00,2.47,5.14
2025-06-08T11:00,2.73,5.43
2025-06-08T12:00,2.24,5.10
2025-06-08T13:00,1.38,2.21
2025-06-08T14:00,2.76,4.34
2025-06-08T15:00,2.60,3.76
2025-06-08T16:00,3.56,5.08
2025-06-08T17:00,3.56,5.13
2025-06-08T18:00,3.64,5.17
2025-06-08T19:00,4.20,6.14
2025-06-08T20:00,1.97,2.90
2025-06-08T21:00,1.77,2.80
2025-06-08T22:00,2.43,3.72
2025-06-08T23:00,3.32,5.24
2025-06-09T00:00,2.57,4.73
2025-06-09T01:00,2.97,5.52
2025-06-09T02:00,3.25,5.79
2025-06-09T03:00,2.21,4.21
2025-06-09T04:00,2.37,4.66
2025-06-09T05:00,0.97,2.66
2025-06-09T06:00,1.03,2.16
2025-06-09T07:00,1.72,2.53
2025-06-09T08:00,1.62,2.25
2025-06-09T09:00,1.54,2.21
2025-06-09T10:00,1.59,2.01
2025-06-09T11:00,0.84,0.95
2025-06-09T12:00,2.29,3.10
2025-06-09T13:00,1.11,1.61
2025-06-09T14:00,1.71,2.31
2025-06-09T15:00,1.66,2.34
2025-06-09T16:00,1.07,1.52
2025-06-09T17:00,1.04,1.42
2025-06-09T18:00,1.55,2.19
2025-06-09T19:00,2.18,3.14
2025-06-09T20:00,2.94,4.21
2025-06-09T21:00,3.28,4.70
2025-06-09T22:00,3.04,4.56
2025-06-09T23:00,1.55,3.02
2025-06-10T00:00,1.92,4.26
2025-06-10T01:00,1.95,4.36
2025-06-10T02:00,1.92,4.35
2025-06-10T03:00,2.38,4.65
2025-06-10T04:00,2.55,5.30
2025-06-10T05:00,1.98,4.59
2025-06-10T06:00,0.67,2.68
2025-06-10T07:00,1.13,1.24
2025-06-10T08:00,0.78,1.94
2025-06-10T09:00,1.56,3.80
2025-06-10T10:00,1.60,3.94
2025-06-10T11:00,2.20,4.38
2025-06-10T12:00,4.38,6.79
2025-06-10T13:00,3.32,5.08
2025-06-10T14:00,3.58,5.34
2025-06-10T15:00,3.70,5.42
2025-06-10T16:00,3.75,5.42
2025-06-10T17:00,3.85,5.53
2025-06-10T18:00,2.96,4.19
2025-06-10T19:00,3.54,5.04
2025-06-10T20:00,3.29,4.84
2025-06-10T21:00,2.58,3.79
2025-06-10T22:00,2.32,3.64
2025-06-10T23:00,2.28,4.29
2025-06-11T00:00,0.88,2.66
2025-06-11T01:00,1.57,4.10
2025-06-11T02:00,3.43,6.34
2025-06-11T03:00,1.45,3.41
2025-06-11T04:00,1.66,4.31
2025-06-11T05:00,1.81,4.45
2025-06-11T06:00,2.30,5.45
2025-06-11T07:00,2.59,5.95
2025-06-11T08:00,2.48,5.69
2025-06-11T09:00,2.20,5.20
2025-06-11T10:00,2.12,4.77
2025-06-11T11:00,2.12,4.30
2025-06-11T12:00,1.46,3.82
2025-06-11T13:00,1.57,2.59
2025-06-11T14:00,1.67,2.30
2025-06-11T15:00,1.82,2.50
2025-06-11T16:00,1.50,2.06
2025-06-11T17:00,1.45,1.95
2025-06-11T18:00,1.65,2.25
2025-06-11T19:00,1.82,2.50
2025-06-11T20:00,1.92,2.61
2025-06-11T21:00,1.94,2.67
2025-06-11T22:00,1.97,2.75
2025-06-11T23:00,1.63,2.69
2025-06-12T00:00,2.00,4.60
2025-06-12T01:00,1.48,3.89
2025-06-12T02:00,1.46,4.06
2025-06-12T03:00,1.92,4.97
2025-06-12T04:00,2.66,6.34
2025-06-12T05:00,2.33,5.82
2025-06-12T06:00,2.37,5.78
2025-06-12T07:00,2.23,5.55
2025-06-12T08:00,1.68,4.79
2025-06-12T09:00,1.25,3.89
2025-06-12T10:00,1.10,3.13
2025-06-12T11:00,1.36,2.26
2025-06-12T12:00,0.86,2.50
2025-06-12T13:00,1.27,2.10
2025-06-12T14:00,2.07,3.03
2025-06-12T15:00,2.28,3.22
2025-06-12T16:00,1.71,2.38
2025-06-12T17:00,1.66,2.26
2025-06-12T18:00,1.92,2.59
2025-06-12T19:00,2.15,2.93
2025-06-12T20:00,2.70,3.74
2025-06-12T21:00,3.18,4.38
2025-06-12T22:00,3.36,4.82
2025-06-12T23:00,2.70,4.29
2025-06-13T00:00,1.79,4.21
2025-06-13T01:00,1.39,3.83
2025-06-13T02:00,1.74,4.47
2025-06-13T03:00,2.48,5.75
2025-06-13T04:00,1.99,5.14
2025-06-13T05:00,1.65,4.70
2025-06-13T06:00,1.95,4.95
2025-06-13T07:00,1.57,4.35
2025-06-13T08:00,1.30,3.92
2025-06-13T09:00,1.52,4.12
2025-06-13T10:00,1.64,4.18
2025-06-13T11:00,1.19,2.94
2025-06-13T12:00,0.40,1.98
2025-06-13T13:00,0.22,0.25
2025-06-13T14:00,1.27,1.73
2025-06-13T15:00,1.39,1.90
2025-06-13T16:00,1.95,2.59
2025-06-13T17:00,2.21,2.97
2025-06-13T18:00,2.06,2.79
2025-06-13T19:00,2.38,3.18
2025-06-13T20:00,2.78,3.72
2025-06-13T21:00,3.29,4.44
2025-06-13T22:00,3.23,4.60
2025-06-13T23:00,2.66,3.86
2025-06-14T00:00,2.75,4.39
2025-06-14T01:00,0.10,0.99
2025-06-14T02:00,1.36,2.27
2025-06-14T03:00,0.61,1.44
2025-06-14T04:00,0.79,1.65
2025-06-14T05:00,0.38,1.44
2025-06-14T06:00,2.08,4.11
2025-06-14T07:00,2.16,4.27
2025-06-14T08:00,1.35,2.73
2025-06-14T09:00,1.00,2.19
2025-06-14T10:00,1.35,2.36
2025-06-14T11:00,1.36,2.00
2025-06-14T12:00,1.17,1.70
2025-06-14T13:00,0.96,1.31
2025-06-14T14:00,0.78,1.03
2025-06-14T15:00,1.48,1.95
2025-06-14T16:00,1.62,2.18
2025-06-14T17:00,1.69,2.34
2025-06-14T18:00,1.08,1.49
2025-06-14T19:00,0.89,1.17
2025-06-14T20:00,2.35,3.01
2025-06-14T21:00,0.71,0.71
2025-06-14T22:00,1.05,1.46
2025-06-14T23:00,1.90,2.75
2025-06-15T00:00,1.77,2.73
2025-06-15T01:00,2.96,5.00
2025-06-15T02:00,1.91,3.34
2025-06-15T03:00,2.63,4.82
2025-06-15T04:00,1.89,3.76
2025-06-15T05:00,3.21,5.46
2025-06-15T06:00,3.55,6.48
2025-06-15T07:00,3.70,7.14
2025-06-15T08:00,3.65,6.65
2025-06-15T09:00,3.55,6.36
2025-06-15T10:00,3.55,6.27
2025-06-15T11:00,3.07,5.26
2025-06-15T12:00,2.95,4.95
2025-06-15T13:00,3.65,5.45
2025-06-15T14:00,3.50,5.21
2025-06-15T15:00,3.05,4.46
2025-06-15T16:00,2.97,4.19
2025-06-15T17:00,2.82,3.98
2025-06-15T18:00,2.85,3.95
2025-06-15T19:00,2.97,4.24
2025-06-15T20:00,3.57,5.17
2025-06-15T21:00,3.73,5.44
2025-06-15T22:00,3.51,5.11
2025-06-15T23:00,3.26,5.01
2025-06-16T00:00,3.35,5.20
2025-06-16T01:00,3.36,5.76
2025-06-16T02:00,3.66,6.34
2025-06-16T03:00,3.81,6.34
2025-06-16T04:00,3.62,6.15
2025-06-16T05:00,3.09,5.52
2025-06-16T06:00,2.92,5.34
2025-06-16T07:00,3.40,5.81
2025-06-16T08:00,2.73,4.79
2025-06-16T09:00,2.91,5.08
2025-06-16T10:00,2.94,5.29
2025-06-16T11:00,2.53,4.63
2025-06-16T12:00,2.60,4.17
2025-06-16T13:00,2.15,3.50
2025-06-16T14:00,2.06,3.87
2025-06-16T15:00,2.91,4.08
2025-06-16T16:00,2.76,3.82
2025-06-16T17:00,2.75,3.86
2025-06-16T18:00,2.30,3.21
2025-06-16T19:00,2.26,3.25
2025-06-16T20:00,2.51,3.76
2025-06-16T21:00,2.29,3.54
2025-06-16T22:00,2.39,3.76
2025-06-16T23:00,1.46,2.36
2025-06-17T00:00,1.36,2.91
2025-06-17T01:00,1.38,2.35
2025-06-17T02:00,1.10,2.09
2025-06-17T03:00,1.26,2.47
2025-06-17T04:00,1.28,2.66
2025-06-17T05:00,1.55,3.19
2025-06-17T06:00,1.61,3.24
2025-06-17T07:00,1.47,3.04
2025-06-17T08:00,1.38,2.91
2025-06-17T09:00,1.57,3.15
2025-06-17T10:00,1.70,3.41
2025-06-17T11:00,2.02,3.58
2025-06-17T12:00,2.62,3.78
2025-06-17T13:00,2.01,2.63
2025-06-17T14:00,2.46,3.50
2025-06-17T15:00,2.60,3.61
2025-06-17T16:00,2.81,4.02
2025-06-17T17:00,2.86,4.10
2025-06-17T18:00,2.90,4.20
2025-06-17T19:00,2.66,3.73
2025-06-17T20:00,2.89,4.15
2025-06-17T21:00,2.65,3.75
2025-06-17T22:00,2.20,3.54
2025-06-17T23:00,1.55,2.76
2025-06-18T00:00,2.26,4.48
2025-06-18T01:00,2.63,5.16
2025-06-18T02:00,2.74,5.44
2025-06-18T03:00,2.17,4.67
2025-06-18T04:00,1.30,3.50
2025-06-18T05:00,1.39,3.26
2025-06-18T06:00,1.99,4.35
2025-06-18T07:00,2.10,4.61
2025-06-18T08:00,1.40,3.54
2025-06-18T09:00,0.86,2.72
2025-06-18T10:00,1.22,3.20
2025-06-18T11:00,1.60,3.03
2025-06-18T12:00,1.96,2.49
2025-06-18T13:00,1.52,2.02
2025-06-18T14:00,1.53,2.02
2025-06-18T15:00,2.02,2.73
2025-06-18T16:00,0.90,1.21
2025-06-18T17:00,0.99,1.43
2025-06-18T18:00,2.57,3.64
2025-06-18T19:00,3.25,5.56
2025-06-18T20:00,2.99,4.75
2025-06-18T21:00,1.53,2.43
2025-06-18T22:00,1.91,2.90
2025-06-18T23:00,1.66,2.62
2025-06-19T00:00,1.24,3.05
2025-06-19T01:00,0.60,2.83
2025-06-19T02:00,1.48,4.63
2025-06-19T03:00,2.65,6.05
2025-06-19T04:00,2.78,6.23
2025-06-19T05:00,3.40,7.27
2025-06-19T06:00,3.40,7.32
2025-06-19T07:00,3.08,6.86
2025-06-19T08:00,3.19,6.93
2025-06-19T09:00,2.77,6.26
2025-06-19T10:00,2.62,5.97
2025-06-19T11:00,3.07,5.96
2025-06-19T12:00,2.54,5.17
2025-06-19T13:00,3.29,5.08
2025-06-19T14:00,3.33,5.02
2025-06-19T15:00,3.68,5.46
2025-06-19T16:00,4.14,5.98
2025-06-19T17:00,5.00,7.38
2025-06-19T18:00,5.20,7.71
2025-06-19T19:00,6.21,9.33
2025-06-19T20:00,3.69,6.28
2025-06-19T21:00,2.41,3.75
2025-06-19T22:00,3.85,6.30
2025-06-19T23:00,2.18,3.85
2025-06-20T00:00,3.19,6.26
2025-06-20T01:00,3.76,7.17
2025-06-20T02:00,3.41,6.92
2025-06-20T03:00,3.77,7.36
2025-06-20T04:00,5.36,9.66
2025-06-20T05:00,5.13,9.18
2025-06-20T06:00,4.80,8.77
2025-06-20T07:00,4.63,8.64
2025-06-20T08:00,4.46,8.42
2025-06-20T09:00,3.95,7.70
2025-06-20T10:00,3.22,6.63
2025-06-20T11:00,2.79,5.43
2025-06-20T12:00,2.46,4.21
2025-06-20T13:00,2.50,3.80
2025-06-20T14:00,2.40,3.49
2025-06-20T15:00,2.87,4.11
2025-06-20T16:00,3.60,5.19
2025-06-20T17:00,3.72,5.47
2025-06-20T18:00,4.30,6.26
2025-06-20T19:00,3.78,5.58
2025-06-20T20:00,3.95,5.81
2025-06-20T21:00,4.00,6.02
2025-06-20T22:00,2.91,4.61
2025-06-20T23:00,2.47,4.70
2025-06-21T00:00,2.48,5.62
2025-06-21T01:00,1.84,4.88
2025-06-21T02:00,2.26,5.46
2025-06-21T03:00,2.52,5.87
2025-06-21T04:00,2.40,5.77
2025-06-21T05:00,1.99,5.09
2025-06-21T06:00,1.45,3.96
2025-06-21T07:00,1.54,3.93
2025-06-21T08:00,1.29,3.69
2025-06-21T09:00,1.03,2.99
2025-06-21T10:00,0.85,2.21
2025-06-21T11:00,1.33,2.54
2025-06-21T12:00,0.39,1.70
2025-06-21T13:00,0.35,0.63
2025-06-21T14:00,0.43,0.54
2025-06-21T15:00,1.14,1.46
2025-06-21T16:00,1.91,2.58
2025-06-21T17:00,2.18,2.97
2025-06-21T18:00,2.29,3.07
2025-06-21T19:00,2.15,2.87
2025-06-21T20:00,2.07,2.73
2025-06-21T21:00,2.19,3.00
2025-06-21T22:00,2.67,3.89
2025-06-21T23:00,2.60,4.60
2025-06-22T00:00,2.27,4.88
2025-06-22T01:00,2.31,5.20
2025-06-22T02:00,2.72,6.16
2025-06-22T03:00,3.06,6.74
2025-06-22T04:00,3.58,7.63
2025-06-22T05:00,3.41,7.31
2025-06-22T06:00,2.53,6.01
2025-06-22T07:00,2.74,6.25
2025-06-22T08:00,3.24,6.94
2025-06-22T09:00,2.98,6.59
2025-06-22T10:00,3.44,7.33
2025-06-22T11:00,3.47,6.79
2025-06-22T12:00,2.60,5.20
2025-06-22T13:00,2.57,3.89
2025-06-22T14:00,2.30,3.33
2025-06-22T15:00,2.11,2.95
2025-06-22T16:00,1.41,2.02
2025-06-22T17:00,1.35,1.86
2025-06-22T18:00,1.15,1.51
2025-06-22T19:00,2.33,3.11
2025-06-22T20:00,3.54,4.80
2025-06-22T21:00,3.97,5.59
2025-06-22T22:00,4.15,6.05
2025-06-22T23:00,3.83,6.09
2025-06-23T00:00,3.54,6.43
2025-06-23T01:00,3.07,6.17
2025-06-23T02:00,2.62,5.73
2025-06-23T03:00,2.30,5.37
2025-06-23T04:00,1.78,4.50
2025-06-23T05:00,2.08,4.63
2025-06-23T06:00,1.92,4.43
2025-06-23T07:00,2.21,5.17
2025-06-23T08:00,2.39,5.55
2025-06-23T09:00,2.65,5.92
2025-06-23T10:00,3.07,6.61
2025-06-23T11:00,3.41,6.79
2025-06-23T12:00,2.73,6.47
2025-06-23T13:00,2.76,4.38
2025-06-23T14:00,3.04,4.39
2025-06-23T15:00,2.59,3.64
2025-06-23T16:00,2.29,3.06
2025-06-23T17:00,2.21,3.01
2025-06-23T18:00,2.38,3.19
2025-06-23T19:00,2.73,3.65
2025-06-23T20:00,2.80,3.78
2025-06-23T21:00,2.50,3.37
2025-06-23T22:00,2.15,2.95
2025-06-23T23:00,1.87,2.66
2025-06-24T00:00,0.96,2.19
2025-06-24T01:00,0.72,1.80
2025-06-24T02:00,2.08,4.28
2025-06-24T03:00,2.20,4.81
2025-06-24T04:00,2.39,5.35
2025-06-24T05:00,2.41,5.45
2025-06-24T06:00,2.14,4.98
2025-06-24T07:00,2.23,5.26
2025-06-24T08:00,2.20,5.12
2025-06-24T09:00,1.85,4.46
2025-06-24T10:00,2.26,4.95
2025-06-24T11:00,2.63,5.45
2025-06-24T12:00,2.30,5.07
2025-06-24T13:00,2.55,3.91
2025-06-24T14:00,2.69,3.79
2025-06-24T15:00,1.96,2.70
2025-06-24T16:00,1.45,1.88
2025-06-24T17:00,1.71,2.28
2025-06-24T18:00,2.22,2.88
2025-06-24T19:00,2.68,3.51
2025-06-24T20:00,3.44,4.59
2025-06-24T21:00,3.19,4.38
2025-06-24T22:00,2.47,3.41
2025-06-24T23:00,2.20,3.02
2025-06-25T00:00,2.26,3.62
2025-06-25T01:00,0.30,1.08
2025-06-25T02:00,0.54,1.27
2025-06-25T03:00,2.11,4.80
2025-06-25T04:00,2.11,4.73
2025-06-25T05:00,1.88,4.35
2025-06-25T06:00,1.84,4.37
2025-06-25T07:00,2.12,4.99
2025-06-25T08:00,2.72,6.12
2025-06-25T09:00,2.83,6.26
2025-06-25T10:00,3.04,6.50
2025-06-25T11:00,2.94,5.84
2025-06-25T12:00,1.98,3.97
2025-06-25T13:00,1.30,2.10
2025-06-25T14:00,1.00,1.41
2025-06-25T15:00,0.79,1.08
2025-06-25T16:00,0.38,0.46
2025-06-25T17:00,0.89,1.10
2025-06-25T18:00,3.30,4.55
2025-06-25T19:00,1.70,2.25
2025-06-25T20:00,1.37,1.89
2025-06-25T21:00,1.83,2.50
2025-06-25T22:00,3.39,4.62
2025-06-25T23:00,3.65,5.56
2025-06-26T00:00,1.61,2.31
2025-06-26T01:00,2.84,4.55
2025-06-26T02:00,1.17,2.79
2025-06-26T03:00,1.32,3.09
2025-06-26T04:00,0.85,2.56
2025-06-26T05:00,0.92,2.63
2025-06-26T06:00,0.85,2.44
2025-06-26T07:00,0.96,2.76
2025-06-26T08:00,0.90,2.44
2025-06-26T09:00,1.40,3.26
2025-06-26T10:00,1.47,3.30
2025-06-26T11:00,1.60,3.80
2025-06-26T12:00,1.00,1.77
2025-06-26T13:00,0.87,1.25
2025-06-26T14:00,1.21,1.64
2025-06-26T15:00,1.42,1.89
2025-06-26T16:00,0.99,1.32
2025-06-26T17:00,0.65,0.83
2025-06-26T18:00,0.68,0.85
2025-06-26T19:00,0.96,1.20
2025-06-26T20:00,0.71,0.90
2025-06-26T21:00,1.56,2.11
2025-06-26T22:00,2.33,3.27
2025-06-26T23:00,0.95,1.32
2025-06-27T00:00,0.61,0.90
2025-06-27T01:00,2.02,3.58
2025-06-27T02:00,1.29,2.24
2025-06-27T03:00,3.86,6.55
2025-06-27T04:00,3.07,5.43
2025-06-27T05:00,2.80,6.20
2025-06-27T06:00,3.66,6.22
2025-06-27T07:00,2.86,4.92
2025-06-27T08:00,2.87,4.90
2025-06-27T09:00,2.91,4.71
2025-06-27T10:00,3.15,5.12
2025-06-27T11:00,3.04,4.67
2025-06-27T12:00,3.28,5.17
2025-06-27T13:00,3.64,5.40
2025-06-27T14:00,3.18,4.64
2025-06-27T15:00,3.20,4.51
2025-06-27T16:00,3.75,5.41
2025-06-27T17:00,3.64,5.34
2025-06-27T18:00,3.97,5.83
2025-06-27T19:00,4.06,5.99
2025-06-27T20:00,3.65,5.58
2025-06-27T21:00,3.96,6.06
2025-06-27T22:00,3.30,5.22
2025-06-27T23:00,3.05,4.87
2025-06-28T00:00,2.26,3.80
2025-06-28T01:00,2.34,3.98
2025-06-28T02:00,2.28,4.05
2025-06-28T03:00,3.11,5.17
2025-06-28T04:00,2.39,4.01
2025-06-28T05:00,1.82,3.34
2025-06-28T06:00,1.35,2.89
2025-06-28T07:00,1.31,2.64
2025-06-28T08:00,0.43,1.20
2025-06-28T09:00,0.63,0.22
2025-06-28T10:00,0.47,0.79
2025-06-28T11:00,0.00,1.00
2025-06-28T12:00,1.25,1.80
2025-06-28T13:00,1.47,1.99
2025-06-28T14:00,2.04,2.89
2025-06-28T15:00,2.62,3.72
2025-06-28T16:00,2.38,3.39
2025-06-28T17:00,2.33,3.30
2025-06-28T18:00,2.60,3.65
2025-06-28T19:00,2.33,3.24
2025-06-28T20:00,2.53,3.48
2025-06-28T21:00,2.64,3.74
2025-06-28T22:00,2.38,3.52
2025-06-28T23:00,2.40,3.68
2025-06-29T00:00,2.04,4.12
2025-06-29T01:00,0.46,1.76
2025-06-29T02:00,1.56,3.25
2025-06-29T03:00,1.60,3.75
2025-06-29T04:00,1.10,2.94
2025-06-29T05:00,1.43,3.19
2025-06-29T06:00,1.75,3.61
2025-06-29T07:00,1.20,2.74
2025-06-29T08:00,0.99,2.28
2025-06-29T09:00,1.09,2.21
2025-06-29T10:00,1.19,2.19
2025-06-29T11:00,1.50,2.44
2025-06-29T12:00,1.12,3.13
2025-06-29T13:00,1.84,2.87
2025-06-29T14:00,1.77,2.55
2025-06-29T15:00,1.37,1.90
2025-06-29T16:00,1.01,1.36
2025-06-29T17:00,0.46,0.64
2025-06-29T18:00,0.55,0.75
2025-06-29T19:00,1.04,1.40
2025-06-29T20:00,1.57,2.16
2025-06-29T21:00,1.80,2.03
2025-06-29T22:00,0.36,0.47
2025-06-29T23:00,1.50,2.01
2025-06-30T00:00,1.19,1.87
2025-06-30T01:00,0.56,1.56
2025-06-30T02:00,0.25,1.12
2025-06-30T03:00,1.50,3.39
2025-06-30T04:00,1.71,3.85
2025-06-30T05:00,1.53,3.71
2025-06-30T06:00,1.47,3.70
2025-06-30T07:00,1.38,3.58
2025-06-30T08:00,1.57,3.84
2025-06-30T09:00,1.48,3.81
2025-06-30T10:00,1.50,3.75
2025-06-30T11:00,1.27,3.52
2025-06-30T12:00,0.95,1.73
2025-06-30T13:00,0.56,0.89
2025-06-30T14:00,0.96,1.36
2025-06-30T15:00,1.66,2.33
2025-06-30T16:00,2.15,2.99
2025-06-30T17:00,2.71,3.79
2025-06-30T18:00,2.98,4.29
2025-06-30T19:00,3.77,5.26
2025-06-30T20:00,2.40,3.52
2025-06-30T21:00,2.68,3.94
2025-06-30T22:00,1.11,1.76
2025-06-30T23:00,1.95,3.49
2025-07-01T00:00,2.06,4.26
2025-07-01T01:00,3.00,5.67
2025-07-01T02:00,2.95,5.91
2025-07-01T03:00,3.67,7.09
2025-07-01T04:00,3.52,6.93
2025-07-01T05:00,4.13,7.85
2025-07-01T06:00,4.14,7.94
2025-07-01T07:00,4.15,7.91
2025-07-01T08:00,4.01,7.68
2025-07-01T09:00,3.82,7.38
2025-07-01T10:00,3.46,6.84
2025-07-01T11:00,3.22,6.19
2025-07-01T12:00,2.35,4.03
2025-07-01T13:00,2.22,3.30
2025-07-01T14:00,2.26,3.23
2025-07-01T15:00,2.75,3.86
2025-07-01T16:00,3.25,4.63
2025-07-01T17:00,3.74,5.28
2025-07-01T18:00,5.14,7.41
2025-07-01T19:00,2.90,4.36
2025-07-01T20:00,2.25,3.71
2025-07-01T21:00,0.79,1.17
2025-07-01T22:00,2.25,2.98
2025-07-01T23:00,2.62,4.62
2025-07-02T00:00,2.86,5.33
2025-07-02T01:00,0.68,1.36
2025-07-02T02:00,0.94,2.20
2025-07-02T03:00,2.23,3.96
2025-07-02T04:00,1.15,2.48
2025-07-02T05:00,1.30,3.01
2025-07-02T06:00,1.82,3.65
2025-07-02T07:00,1.71,3.51
2025-07-02T08:00,1.71,3.69
2025-07-02T09:00,2.01,4.36
2025-07-02T10:00,1.78,4.06
2025-07-02T11:00,1.69,3.75
2025-07-02T12:00,1.79,3.40
2025-07-02T13:00,1.53,3.18
2025-07-02T14:00,1.70,2.56
2025-07-02T15:00,1.11,1.66
2025-07-02T16:00,0.54,0.81
2025-07-02T17:00,0.51,0.79
2025-07-02T18:00,0.50,0.72
2025-07-02T19:00,0.81,1.06
2025-07-02T20:00,1.03,1.35
2025-07-02T21:00,0.92,1.20
2025-07-02T22:00,1.09,1.44
2025-07-02T23:00,1.83,2.70
2025-07-03T00:00,0.62,1.01
2025-07-03T01:00,1.78,3.79
2025-07-03T02:00,1.94,4.05
2025-07-03T03:00,1.83,4.44
2025-07-03T04:00,1.60,4.41
2025-07-03T05:00,1.84,4.68
2025-07-03T06:00,1.66,4.33
2025-07-03T07:00,1.55,4.00
2025-07-03T08:00,1.86,4.49
2025-07-03T09:00,2.39,5.41
2025-07-03T10:00,2.73,6.02
2025-07-03T11:00,2.69,5.77
2025-07-03T12:00,2.49,6.69
2025-07-03T13:00,1.91,3.68
2025-07-03T14:00,2.30,3.36
2025-07-03T15:00,2.24,3.18
2025-07-03T16:00,2.31,3.21
2025-07-03T17:00,2.50,3.51
2025-07-03T18:00,2.60,3.70
2025-07-03T19:00,2.80,4.04
2025-07-03T20:00,2.96,4.31
2025-07-03T21:00,3.26,4.92
2025-07-03T22:00,3.39,5.52
2025-07-03T23:00,1.97,4.20
2025-07-04T00:00,1.64,4.28
2025-07-04T01:00,2.15,5.61
2025-07-04T02:00,1.95,5.51
2025-07-04T03:00,2.40,6.06
2025-07-04T04:00,2.40,5.90
2025-07-04T05:00,2.80,6.74
2025-07-04T06:00,2.28,5.88
2025-07-04T07:00,2.43,5.61
2025-07-04T08:00,2.42,5.77
2025-07-04T09:00,2.59,6.04
2025-07-04T10:00,2.62,6.23
2025-07-04T11:00,2.61,5.82
2025-07-04T12:00,1.72,5.10
2025-07-04T13:00,1.57,2.53
2025-07-04T14:00,1.91,2.72
2025-07-04T15:00,1.71,2.35
2025-07-04T16:00,1.39,1.87
2025-07-04T17:00,1.25,1.66
2025-07-04T18:00,1.13,1.45
2025-07-04T19:00,1.20,1.58
2025-07-04T20:00,1.22,1.66
2025-07-04T21:00,1.24,1.65
2025-07-04T22:00,1.03,1.38
2025-07-04T23:00,0.99,1.66
2025-07-05T00:00,2.01,4.65
2025-07-05T01:00,1.53,3.95
2025-07-05T02:00,1.55,4.21
2025-07-05T03:00,1.13,3.49
2025-07-05T04:00,1.06,3.56
2025-07-05T05:00,0.81,3.21
2025-07-05T06:00,0.35,2.51
2025-07-05T07:00,0.16,2.12
2025-07-05T08:00,0.85,2.91
2025-07-05T09:00,1.11,3.29
2025-07-05T10:00,1.03,3.22
2025-07-05T11:00,1.20,2.85
2025-07-05T12:00,0.53,2.39
2025-07-05T13:00,0.64,1.30
2025-07-05T14:00,1.36,1.95
2025-07-05T15:00,1.80,2.45
2025-07-05T16:00,1.53,2.09
2025-07-05T17:00,1.50,2.06
2025-07-05T18:00,1.71,2.29
2025-07-05T19:00,2.21,3.04
2025-07-05T20:00,2.60,3.54
2025-07-05T21:00,2.60,3.59
2025-07-05T22:00,2.37,3.33
2025-07-05T23:00,2.69,3.83
2025-07-06T00:00,2.30,4.29
2025-07-06T01:00,1.71,4.26
2025-07-06T02:00,2.52,5.73
2025-07-06T03:00,2.97,6.47
2025-07-06T04:00,2.55,5.87
2025-07-06T05:00,2.25,5.38
2025-07-06T06:00,1.81,4.71
2025-07-06T07:00,1.66,4.47
2025-07-06T08:00,1.90,4.85
2025-07-06T09:00,1.77,4.81
2025-07-06T10:00,1.22,3.79
2025-07-06T11:00,1.27,3.02
2025-07-06T12:00,0.95,2.83
2025-07-06T13:00,0.90,1.37
2025-07-06T14:00,1.45,2.01
2025-07-06T15:00,2.55,3.51
2025-07-06T16:00,2.58,3.54
2025-07-06T17:00,3.39,4.65
2025-07-06T18:00,2.97,4.19
2025-07-06T19:00,2.57,3.60
2025-07-06T20:00,2.75,3.81
2025-07-06T21:00,3.53,5.02
2025-07-06T22:00,3.69,5.41
2025-07-06T23:00,3.48,5.24
2025-07-07T00:00,3.59,5.85
2025-07-07T01:00,1.43,3.30
2025-07-07T02:00,2.35,4.46
2025-07-07T03:00,2.13,4.24
2025-07-07T04:00,2.19,4.42
2025-07-07T05:00,1.64,3.61
2025-07-07T06:00,1.90,3.90
2025-07-07T07:00,1.39,3.47
2025-07-07T08:00,1.30,3.00
2025-07-07T09:00,1.26,2.99
2025-07-07T10:00,0.52,1.41
2025-07-07T11:00,0.92,1.45
2025-07-07T12:00,1.60,2.31
2025-07-07T13:00,1.50,2.09
2025-07-07T14:00,1.63,2.28
2025-07-07T15:00,1.63,2.46
2025-07-07T16:00,1.07,1.66
2025-07-07T17:00,1.35,1.87
2025-07-07T18:00,0.81,1.12
2025-07-07T19:00,0.82,1.17
2025-07-07T20:00,0.29,0.45
2025-07-07T21:00,0.79,1.15
2025-07-07T22:00,1.88,2.69
2025-07-07T23:00,2.32,3.58
2025-07-08T00:00,2.36,4.82
2025-07-08T01:00,2.04,4.67
2025-07-08T02:00,2.66,5.94
2025-07-08T03:00,2.27,4.69
2025-07-08T04:00,2.47,4.76
2025-07-08T05:00,2.26,4.79
2025-07-08T06:00,2.12,4.52
2025-07-08T07:00,1.70,3.76
2025-07-08T08:00,1.57,3.86
2025-07-08T09:00,1.06,3.14
2025-07-08T10:00,1.10,3.18
2025-07-08T11:00,1.52,3.31
2025-07-08T12:00,0.76,2.12
2025-07-08T13:00,1.17,1.67
2025-07-08T14:00,0.99,1.39
2025-07-08T15:00,1.21,1.70
2025-07-08T16:00,1.45,2.04
2025-07-08T17:00,2.13,2.89
2025-07-08T18:00,2.85,3.98
2025-07-08T19:00,3.41,4.88
2025-07-08T20:00,5.26,7.32
2025-07-08T21:00,2.04,2.94
2025-07-08T22:00,2.17,2.92
2025-07-08T23:00,1.57,2.16
2025-07-09T00:00,2.26,4.11
2025-07-09T01:00,2.19,3.21
2025-07-09T02:00,2.29,3.29
2025-07-09T03:00,2.30,4.07
2025-07-09T04:00,1.88,3.16
2025-07-09T05:00,2.10,4.02
2025-07-09T06:00,2.19,4.51
2025-07-09T07:00,2.26,4.59
2025-07-09T08:00,1.92,4.12
2025-07-09T09:00,1.38,3.41
2025-07-09T10:00,1.27,3.21
2025-07-09T11:00,1.17,2.13
2025-07-09T12:00,0.53,0.89
2025-07-09T13:00,0.81,1.25
2025-07-09T14:00,0.55,0.82
2025-07-09T15:00,0.29,0.29
2025-07-09T16:00,1.01,1.37
2025-07-09T17:00,1.20,1.64
2025-07-09T18:00,1.80,2.45
2025-07-09T19:00,1.93,2.68
2025-07-09T20:00,1.95,2.62
2025-07-09T21:00,4.13,6.75
2025-07-09T22:00,2.65,4.19
2025-07-09T23:00,1.61,2.44
2025-07-10T00:00,1.98,2.94
2025-07-10T01:00,0.90,1.33
2025-07-10T02:00,0.32,0.84
2025-07-10T03:00,2.26,3.90
2025-07-10T04:00,1.76,3.36
2025-07-10T05:00,1.95,4.05
2025-07-10T06:00,0.89,2.36
2025-07-10T07:00,1.28,3.04
2025-07-10T08:00,0.67,2.15
2025-07-10T09:00,0.45,1.40
2025-07-10T10:00,0.78,1.47
2025-07-10T11:00,1.20,1.31
2025-07-10T12:00,1.10,1.45
2025-07-10T13:00,0.32,0.43
2025-07-10T14:00,0.54,0.76
2025-07-10T15:00,1.21,1.63
2025-07-10T16:00,1.10,1.45
2025-07-10T17:00,0.65,0.74
2025-07-10T18:00,0.99,1.28
2025-07-10T19:00,0.60,0.90
2025-07-10T20:00,0.34,0.40
2025-07-10T21:00,0.22,0.25
2025-07-10T22:00,0.60,0.70
2025-07-10T23:00,1.40,1.99
2025-07-11T00:00,0.76,1.65
2025-07-11T01:00,1.28,3.21
2025-07-11T02:00,0.85,2.41
2025-07-11T03:00,0.95,2.60
2025-07-11T04:00,0.98,2.87
2025-07-11T05:00,0.75,2.36
2025-07-11T06:00,0.27,1.98
2025-07-11T07:00,0.74,2.05
2025-07-11T08:00,0.28,0.63
2025-07-11T09:00,0.57,0.60
2025-07-11T10:00,0.84,0.91
2025-07-11T11:00,0.74,1.08
2025-07-11T12:00,1.14,1.15
2025-07-11T13:00,1.45,1.95
2025-07-11T14:00,1.25,1.71
2025-07-11T15:00,0.74,1.03
2025-07-11T16:00,0.16,0.16
2025-07-11T17:00,0.81,1.08
2025-07-11T18:00,0.74,0.96
2025-07-11T19:00,0.87,1.11
2025-07-11T20:00,0.46,0.54
2025-07-11T21:00,0.61,0.75
2025-07-11T22:00,1.29,1.71
2025-07-11T23:00,0.75,0.99
2025-07-12T00:00,0.39,0.47
2025-07-12T01:00,0.78,1.67
2025-07-12T02:00,0.18,1.48
2025-07-12T03:00,0.16,1.39
2025-07-12T04:00,1.34,3.36
2025-07-12T05:00,1.53,3.93
2025-07-12T06:00,1.19,3.62
2025-07-12T07:00,0.71,2.52
2025-07-12T08:00,0.07,1.11
2025-07-12T09:00,0.78,1.03
2025-07-12T10:00,1.45,2.40
2025-07-12T11:00,1.40,2.83
2025-07-12T12:00,1.40,2.06
2025-07-12T13:00,1.25,1.88
2025-07-12T14:00,3.16,4.41
2025-07-12T15:00,1.73,2.59
2025-07-12T16:00,2.06,2.84
2025-07-12T17:00,1.61,2.25
2025-07-12T18:00,1.75,2.50
2025-07-12T19:00,1.88,2.62
2025-07-12T20:00,2.33,3.26
2025-07-12T21:00,2.44,3.29
2025-07-12T22:00,2.70,3.98
2025-07-12T23:00,2.42,3.78
2025-07-13T00:00,1.60,3.46
2025-07-13T01:00,1.63,3.25
2025-07-13T02:00,1.78,2.90
2025-07-13T03:00,3.08,5.54
2025-07-13T04:00,1.93,3.93
2025-07-13T05:00,1.35,2.95
2025-07-13T06:00,0.81,2.16
2025-07-13T07:00,1.66,2.88
2025-07-13T08:00,0.74,2.30
2025-07-13T09:00,0.58,1.88
2025-07-13T10:00,0.30,1.77
2025-07-13T11:00,0.67,1.77
2025-07-13T12:00,0.21,0.67
2025-07-13T13:00,2.84,4.44
2025-07-13T14:00,2.11,2.84
2025-07-13T15:00,1.84,2.59
2025-07-13T16:00,1.87,2.63
2025-07-13T17:00,1.93,2.62
2025-07-13T18:00,3.01,4.21
2025-07-13T19:00,1.90,2.73
2025-07-13T20:00,3.41,4.88
2025-07-13T21:00,2.74,3.91
2025-07-13T22:00,2.95,4.20
2025-07-13T23:00,2.70,4.17
2025-07-14T00:00,1.82,3.47
2025-07-14T01:00,1.66,3.65
2025-07-14T02:00,1.77,3.81
2025-07-14T03:00,2.43,4.31
2025-07-14T04:00,2.36,4.82
2025-07-14T05:00,1.17,3.10
2025-07-14T06:00,1.66,3.58
2025-07-14T07:00,1.63,3.64
2025-07-14T08:00,1.93,4.14
2025-07-14T09:00,0.96,2.93
2025-07-14T10:00,1.17,2.76
2025-07-14T11:00,1.70,2.85
2025-07-14T12:00,2.45,3.62
2025-07-14T13:00,2.10,2.91
2025-07-14T14:00,1.76,2.46
2025-07-14T15:00,2.05,2.80
2025-07-14T16:00,1.83,2.54
2025-07-14T17:00,2.35,3.25
2025-07-14T18:00,2.76,3.90
2025-07-14T19:00,3.83,5.42
2025-07-14T20:00,2.04,2.91
2025-07-14T21:00,2.30,3.30
2025-07-14T22:00,1.90,2.89
2025-07-14T23:00,0.40,0.64
2025-07-15T00:00,0.96,1.30
2025-07-15T01:00,1.22,1.70
2025-07-15T02:00,1.17,2.49
2025-07-15T03:00,0.72,2.07
2025-07-15T04:00,1.19,3.01
2025-07-15T05:00,1.10,3.22
2025-07-15T06:00,1.20,3.24
2025-07-15T07:00,1.01,2.80
2025-07-15T08:00,1.01,2.44
2025-07-15T09:00,1.54,2.86
2025-07-15T10:00,0.76,2.35
2025-07-15T11:00,1.00,1.95
2025-07-15T12:00,1.60,2.06
2025-07-15T13:00,1.86,2.62
2025-07-15T14:00,1.85,2.55
2025-07-15T15:00,1.52,2.10
2025-07-15T16:00,1.19,1.61
2025-07-15T17:00,1.15,1.51
2025-07-15T18:00,1.03,1.32
2025-07-15T19:00,1.12,1.49
2025-07-15T20:00,1.01,1.36
2025-07-15T21:00,1.84,2.48
2025-07-15T22:00,1.82,2.49
2025-07-15T23:00,2.47,3.67
2025-07-16T00:00,1.55,2.85
2025-07-16T01:00,1.42,3.46
2025-07-16T02:00,1.62,3.41
2025-07-16T03:00,1.97,3.81
2025-07-16T04:00,2.08,4.32
2025-07-16T05:00,1.97,4.22
2025-07-16T06:00,1.77,3.78
2025-07-16T07:00,2.02,4.10
2025-07-16T08:00,1.71,3.58
2025-07-16T09:00,1.74,3.38
2025-07-16T10:00,0.96,2.14
2025-07-16T11:00,1.26,1.74
2025-07-16T12:00,1.77,2.42
2025-07-16T13:00,2.19,3.02
2025-07-16T14:00,2.53,3.55
2025-07-16T15:00,2.82,4.09
2025-07-16T16:00,3.00,4.29
2025-07-16T17:00,3.22,4.62
2025-07-16T18:00,3.11,4.41
2025-07-16T19:00,3.45,4.95
2025-07-16T20:00,4.68,6.80
2025-07-16T21:00,2.61,3.90
2025-07-16T22:00,2.64,3.94
2025-07-16T23:00,2.06,3.04
2025-07-17T00:00,1.65,2.82
2025-07-17T01:00,1.03,2.33
2025-07-17T02:00,1.83,3.27
2025-07-17T03:00,1.67,3.53
2025-07-17T04:00,3.11,6.08
2025-07-17T05:00,3.94,7.49
2025-07-17T06:00,3.86,7.44
2025-07-17T07:00,3.86,7.40
2025-07-17T08:00,3.98,7.64
2025-07-17T09:00,3.97,7.64
2025-07-17T10:00,3.65,7.18
2025-07-17T11:00,3.19,6.18
2025-07-17T12:00,2.66,4.62
2025-07-17T13:00,2.51,3.91
2025-07-17T14:00,2.79,4.11
2025-07-17T15:00,3.74,5.49
2025-07-17T16:00,4.00,5.83
2025-07-17T17:00,4.19,6.06
2025-07-17T18:00,4.38,6.32
2025-07-17T19:00,4.71,6.85
2025-07-17T20:00,4.19,6.37
2025-07-17T21:00,4.14,6.44
2025-07-17T22:00,3.91,6.13
2025-07-17T23:00,3.13,5.06
2025-07-18T00:00,2.80,5.52
2025-07-18T01:00,0.46,2.79
2025-07-18T02:00,3.15,6.05
2025-07-18T03:00,3.22,6.98
2025-07-18T04:00,3.72,7.66
2025-07-18T05:00,3.65,7.47
2025-07-18T06:00,3.69,7.63
2025-07-18T07:00,3.18,6.84
2025-07-18T08:00,3.04,6.61
2025-07-18T09:00,2.44,5.62
2025-07-18T10:00,2.39,5.40
2025-07-18T11:00,2.02,4.35
2025-07-18T12:00,1.30,2.92
2025-07-18T13:00,1.41,2.11
2025-07-18T14:00,2.10,3.00
2025-07-18T15:00,1.19,1.61
2025-07-18T16:00,0.54,0.67
2025-07-18T17:00,0.99,1.27
2025-07-18T18:00,0.57,0.74
2025-07-18T19:00,0.94,1.15
2025-07-18T20:00,0.45,0.46
2025-07-18T21:00,0.78,1.14
2025-07-18T22:00,1.17,1.57
2025-07-18T23:00,0.74,0.92
2025-07-19T00:00,0.91,1.61
2025-07-19T01:00,1.38,1.92
2025-07-19T02:00,1.03,1.38
2025-07-19T03:00,0.30,1.01
2025-07-19T04:00,0.72,2.16
2025-07-19T05:00,0.91,2.72
2025-07-19T06:00,0.93,2.70
2025-07-19T07:00,1.20,3.22
2025-07-19T08:00,0.51,2.05
2025-07-19T09:00,0.54,1.50
2025-07-19T10:00,0.86,1.93
2025-07-19T11:00,0.67,1.40
2025-07-19T12:00,0.47,0.40
2025-07-19T13:00,1.23,1.72
2025-07-19T14:00,0.60,0.80
2025-07-19T15:00,0.16,0.20
2025-07-19T16:00,0.72,0.92
2025-07-19T17:00,0.85,1.20
2025-07-19T18:00,0.57,0.78
2025-07-19T19:00,1.46,1.92
2025-07-19T20:00,0.52,0.80
2025-07-19T21:00,0.21,0.41
2025-07-19T22:00,1.55,2.07
2025-07-19T23:00,0.62,0.87
2025-07-20T00:00,0.65,1.25
2025-07-20T01:00,1.32,2.55
2025-07-20T02:00,1.02,2.45
2025-07-20T03:00,0.71,2.07
2025-07-20T04:00,0.30,1.19
2025-07-20T05:00,0.51,0.54
2025-07-20T06:00,0.71,1.35
2025-07-20T07:00,1.14,2.28
2025-07-20T08:00,1.35,2.13
2025-07-20T09:00,1.51,3.09
2025-07-20T10:00,1.39,3.13
2025-07-20T11:00,1.36,2.62
2025-07-20T12:00,1.90,2.44
2025-07-20T13:00,1.24,1.59
2025-07-20T14:00,2.36,3.30
2025-07-20T15:00,1.85,2.65
2025-07-20T16:00,2.83,4.07
2025-07-20T17:00,3.00,4.36
2025-07-20T18:00,4.25,6.22
2025-07-20T19:00,3.96,5.79
2025-07-20T20:00,3.97,5.90
2025-07-20T21:00,3.94,6.10
2025-07-20T22:00,3.26,5.78
2025-07-20T23:00,3.02,5.91
2025-07-21T00:00,2.67,6.06
2025-07-21T01:00,2.20,5.66
2025-07-21T02:00,1.68,4.52
2025-07-21T03:00,2.33,5.40
2025-07-21T04:00,3.11,6.56
2025-07-21T05:00,2.26,5.47
2025-07-21T06:00,3.10,6.52
2025-07-21T07:00,3.02,6.26
2025-07-21T08:00,2.97,6.20
2025-07-21T09:00,2.67,5.64
2025-07-21T10:00,2.17,4.86
2025-07-21T11:00,2.25,4.60
2025-07-21T12:00,2.29,4.19
2025-07-21T13:00,2.26,3.96
2025-07-21T14:00,1.55,2.50
2025-07-21T15:00,0.96,1.38
2025-07-21T16:00,0.27,0.42
2025-07-21T17:00,0.38,0.49
2025-07-21T18:00,0.46,0.68
2025-07-21T19:00,0.10,0.21
2025-07-21T20:00,0.84,1.08
2025-07-21T21:00,1.21,1.59
2025-07-21T22:00,1.57,2.23
2025-07-21T23:00,1.65,3.31
2025-07-22T00:00,1.52,3.58
2025-07-22T01:00,0.35,1.35
2025-07-22T02:00,0.67,1.47
2025-07-22T03:00,0.86,1.52
2025-07-22T04:00,0.38,0.85
2025-07-22T05:00,1.04,1.56
2025-07-22T06:00,1.15,2.66
2025-07-22T07:00,1.24,3.21
2025-07-22T08:00,1.42,3.83
2025-07-22T09:00,2.74,6.24
2025-07-22T10:00,2.62,5.96
2025-07-22T11:00,2.50,5.28
2025-07-22T12:00,2.20,4.61
2025-07-22T13:00,1.94,2.92
2025-07-22T14:00,1.88,2.66
2025-07-22T15:00,1.46,2.04
2025-07-22T16:00,1.17,1.62
2025-07-22T17:00,0.65,0.86
2025-07-22T18:00,0.55,0.72
2025-07-22T19:00,1.06,1.36
2025-07-22T20:00,1.48,1.97
2025-07-22T21:00,1.91,2.68
2025-07-22T22:00,2.07,2.98
2025-07-22T23:00,3.10,5.19
2025-07-23T00:00,2.40,5.20
2025-07-23T01:00,1.74,4.65
2025-07-23T02:00,1.67,4.78
2025-07-23T03:00,2.06,5.26
2025-07-23T04:00,2.01,4.92
2025-07-23T05:00,1.93,4.70
2025-07-23T06:00,1.40,3.93
2025-07-23T07:00,1.41,3.76
2025-07-23T08:00,1.32,3.44
2025-07-23T09:00,1.41,3.74
2025-07-23T10:00,1.66,4.21
2025-07-23T11:00,1.70,3.78
2025-07-23T12:00,1.05,2.77
2025-07-23T13:00,0.91,1.46
2025-07-23T14:00,1.25,1.75
2025-07-23T15:00,1.21,1.72
2025-07-23T16:00,1.77,2.48
2025-07-23T17:00,1.64,2.26
2025-07-23T18:00,1.79,2.55
2025-07-23T19:00,2.09,2.84
2025-07-23T20:00,2.03,2.84
2025-07-23T21:00,1.97,2.79
2025-07-23T22:00,2.10,2.97
2025-07-23T23:00,2.62,4.31
2025-07-24T00:00,2.23,4.74
2025-07-24T01:00,2.30,5.35
2025-07-24T02:00,2.16,5.32
2025-07-24T03:00,2.92,6.29
2025-07-24T04:00,2.99,6.33
2025-07-24T05:00,2.81,6.11
2025-07-24T06:00,2.50,5.61
2025-07-24T07:00,2.25,5.25
2025-07-24T08:00,2.21,5.19
2025-07-24T09:00,2.15,5.05
2025-07-24T10:00,2.04,4.91
2025-07-24T11:00,2.19,4.67
2025-07-24T12:00,1.64,3.48
2025-07-24T13:00,1.96,2.99
2025-07-24T14:00,2.02,2.94
2025-07-24T15:00,2.37,3.40
2025-07-24T16:00,2.75,3.83
2025-07-24T17:00,3.04,4.33
2025-07-24T18:00,2.94,4.14
2025-07-24T19:00,2.65,3.68
2025-07-24T20:00,2.87,4.03
2025-07-24T21:00,3.15,4.49
2025-07-24T22:00,2.51,3.77
2025-07-24T23:00,2.69,4.54
2025-07-25T00:00,2.23,4.95
2025-07-25T01:00,3.17,6.38
2025-07-25T02:00,2.97,6.20
2025-07-25T03:00,2.96,6.20
2025-07-25T04:00,3.11,6.51
2025-07-25T05:00,2.89,6.25
2025-07-25T06:00,2.78,6.15
2025-07-25T07:00,2.37,5.56
2025-07-25T08:00,2.07,4.99
2025-07-25T09:00,1.86,4.63
2025-07-25T10:00,1.63,4.12
2025-07-25T11:00,1.98,4.04
2025-07-25T12:00,1.35,3.93
2025-07-25T13:00,1.30,2.15
2025-07-25T14:00,1.19,1.87
2025-07-25T15:00,2.27,3.30
2025-07-25T16:00,3.08,4.45
2025-07-25T17:00,3.35,4.76
2025-07-25T18:00,3.21,4.53
2025-07-25T19:00,4.94,7.04
2025-07-25T20:00,3.23,4.79
2025-07-25T21:00,3.49,5.11
2025-07-25T22:00,3.49,5.19
2025-07-25T23:00,2.32,3.97
2025-07-26T00:00,1.44,3.82
2025-07-26T01:00,1.68,3.26
2025-07-26T02:00,2.50,5.35
2025-07-26T03:00,2.25,5.17
2025-07-26T04:00,2.26,5.30
2025-07-26T05:00,2.26,5.31
2025-07-26T06:00,2.55,5.73
2025-07-26T07:00,2.66,5.81
2025-07-26T08:00,2.41,5.28
2025-07-26T09:00,2.20,4.87
2025-07-26T10:00,2.11,4.67
2025-07-26T11:00,1.93,4.11
2025-07-26T12:00,1.41,3.41
2025-07-26T13:00,1.70,2.62
2025-07-26T14:00,1.66,2.39
2025-07-26T15:00,1.90,2.65
2025-07-26T16:00,1.62,2.16
2025-07-26T17:00,1.20,1.63
2025-07-26T18:00,1.39,1.80
2025-07-26T19:00,2.06,2.62
2025-07-26T20:00,1.97,2.82
2025-07-26T21:00,1.15,1.56
2025-07-26T22:00,1.03,1.42
2025-07-26T23:00,1.52,2.19
2025-07-27T00:00,1.17,2.69
2025-07-27T01:00,2.26,4.65
2025-07-27T02:00,0.28,1.30
2025-07-27T03:00,1.62,3.69
2025-07-27T04:00,0.71,2.42
2025-07-27T05:00,1.27,3.22
2025-07-27T06:00,0.67,2.32
2025-07-27T07:00,1.86,3.54
2025-07-27T08:00,2.48,4.22
2025-07-27T09:00,2.05,3.89
2025-07-27T10:00,1.58,3.14
2025-07-27T11:00,1.88,3.15
2025-07-27T12:00,2.45,3.68
2025-07-27T13:00,2.07,2.87
2025-07-27T14:00,2.55,3.58
2025-07-27T15:00,1.10,1.56
2025-07-27T16:00,1.47,2.08
2025-07-27T17:00,2.70,3.81
2025-07-27T18:00,2.25,3.16
2025-07-27T19:00,2.64,3.76
2025-07-27T20:00,3.04,4.13
2025-07-27T21:00,4.14,6.80
2025-07-27T22:00,3.18,5.06
2025-07-27T23:00,2.09,3.55
2025-07-28T00:00,1.57,2.39
2025-07-28T01:00,2.08,4.44
2025-07-28T02:00,1.90,4.03
2025-07-28T03:00,2.26,4.81
2025-07-28T04:00,2.01,4.78
2025-07-28T05:00,2.39,5.50
2025-07-28T06:00,3.04,6.42
2025-07-28T07:00,3.15,6.56
2025-07-28T08:00,3.43,6.93
2025-07-28T09:00,3.33,6.86
2025-07-28T10:00,3.36,6.85
2025-07-28T11:00,3.05,6.10
2025-07-28T12:00,2.24,4.68
2025-07-28T13:00,2.22,3.51
2025-07-28T14:00,1.89,2.77
2025-07-28T15:00,1.29,1.82
2025-07-28T16:00,1.07,1.50
2025-07-28T17:00,1.18,1.67
2025-07-28T18:00,1.29,1.77
2025-07-28T19:00,1.42,1.93
2025-07-28T20:00,1.63,2.23
2025-07-28T21:00,1.52,2.03
2025-07-28T22:00,1.23,1.70
2025-07-28T23:00,0.72,1.31
2025-07-29T00:00,1.11,2.93
2025-07-29T01:00,0.40,1.30
2025-07-29T02:00,0.46,1.27
2025-07-29T03:00,0.21,1.10
2025-07-29T04:00,0.55,0.90
2025-07-29T05:00,0.76,1.05
2025-07-29T06:00,0.25,1.32
2025-07-29T07:00,0.28,1.41
2025-07-29T08:00,0.92,1.52
2025-07-29T09:00,1.59,3.04
2025-07-29T10:00,1.71,3.67
2025-07-29T11:00,1.59,3.47
2025-07-29T12:00,0.93,2.67
2025-07-29T13:00,0.05,0.27
2025-07-29T14:00,0.36,0.41
2025-07-29T15:00,0.51,0.68
2025-07-29T16:00,0.35,0.50
2025-07-29T17:00,0.11,0.10
2025-07-29T18:00,0.40,0.50
2025-07-29T19:00,0.63,0.79
2025-07-29T20:00,1.25,1.63
2025-07-29T21:00,1.38,1.87
2025-07-29T22:00,1.03,1.45
2025-07-29T23:00,1.70,2.93
2025-07-30T00:00,3.09,5.94
2025-07-30T01:00,1.30,3.50
2025-07-30T02:00,1.00,2.89
2025-07-30T03:00,1.02,2.77
2025-07-30T04:00,1.41,3.72
2025-07-30T05:00,1.74,4.43
2025-07-30T06:00,1.70,4.47
2025-07-30T07:00,1.43,4.04
2025-07-30T08:00,1.65,4.43
2025-07-30T09:00,1.39,4.07
2025-07-30T10:00,1.17,3.63
2025-07-30T11:00,1.35,3.16
2025-07-30T12:00,0.72,2.57
2025-07-30T13:00,0.47,0.97
2025-07-30T14:00,0.45,0.64
2025-07-30T15:00,1.15,1.56
2025-07-30T16:00,1.32,1.82
2025-07-30T17:00,1.81,2.47
2025-07-30T18:00,1.40,2.00
2025-07-30T19:00,1.35,1.85
2025-07-30T20:00,1.98,2.69
2025-07-30T21:00,2.82,3.88
2025-07-30T22:00,2.94,4.17
2025-07-30T23:00,2.68,4.22
2025-07-31T00:00,1.83,4.14
2025-07-31T01:00,2.10,4.50
2025-07-31T02:00,1.05,3.16
2025-07-31T03:00,0.97,1.12
2025-07-31T04:00,1.00,2.31
2025-07-31T05:00,1.25,2.89
2025-07-31T06:00,1.50,3.63
2025-07-31T07:00,1.92,4.03
2025-07-31T08:00,2.27,4.72
2025-07-31T09:00,1.94,4.27
2025-07-31T10:00,1.68,3.80
2025-07-31T11:00,1.60,3.49
2025-07-31T12:00,1.02,1.92
2025-07-31T13:00,0.60,0.87
2025-07-31T14:00,3.11,4.37
2025-07-31T15:00,1.77,3.46
2025-07-31T16:00,1.22,1.65
2025-07-31T17:00,1.10,1.56
2025-07-31T18:00,0.98,1.50
2025-07-31T19:00,2.71,3.76
2025-07-31T20:00,1.65,2.50
2025-07-31T21:00,1.14,1.43
2025-07-31T22:00,1.13,1.51
2025-07-31T23:00,1.20,1.61
2025-08-01T00:00,2.78,4.35
2025-08-01T01:00,1.98,3.68
2025-08-01T02:00,1.07,2.62
2025-08-01T03:00,2.30,4.52
2025-08-01T04:00,2.74,5.02
2025-08-01T05:00,3.78,6.54
2025-08-01T06:00,3.59,6.12
2025-08-01T07:00,3.80,6.36
2025-08-01T08:00,4.22,7.05
2025-08-01T09:00,4.10,6.89
2025-08-01T10:00,3.99,6.80
2025-08-01T11:00,3.69,6.43
2025-08-01T12:00,3.61,6.07
2025-08-01T13:00,3.47,5.94
2025-08-01T14:00,3.34,5.49
2025-08-01T15:00,3.28,5.09
2025-08-01T16:00,3.30,5.04
2025-08-01T17:00,2.95,4.41
2025-08-01T18:00,3.23,4.74
2025-08-01T19:00,3.43,5.10
2025-08-01T20:00,2.68,4.14
2025-08-01T21:00,2.65,4.21
2025-08-01T22:00,2.69,4.88
2025-08-01T23:00,2.49,4.99
2025-08-02T00:00,2.36,4.91
2025-08-02T01:00,1.99,3.96
2025-08-02T02:00,1.48,3.31
2025-08-02T03:00,0.83,2.24
2025-08-02T04:00,1.45,2.98
2025-08-02T05:00,1.61,3.37
2025-08-02T06:00,1.90,4.05
2025-08-02T07:00,1.82,4.11
2025-08-02T08:00,2.22,4.75
2025-08-02T09:00,2.37,5.01
2025-08-02T10:00,2.25,4.97
2025-08-02T11:00,2.41,4.82
2025-08-02T12:00,2.15,4.09
2025-08-02T13:00,1.72,2.69
2025-08-02T14:00,2.10,3.00
2025-08-02T15:00,2.09,3.01
2025-08-02T16:00,2.03,2.84
2025-08-02T17:00,2.34,3.23
2025-08-02T18:00,2.41,3.34
2025-08-02T19:00,2.24,3.17
2025-08-02T20:00,2.29,3.21
2025-08-02T21:00,2.35,3.33
2025-08-02T22:00,1.85,2.71
2025-08-02T23:00,1.11,2.25
2025-08-03T00:00,0.25,1.47
2025-08-03T01:00,1.57,4.26
2025-08-03T02:00,1.64,4.43
2025-08-03T03:00,1.35,3.93
2025-08-03T04:00,1.25,3.68
2025-08-03T05:00,1.14,3.17
2025-08-03T06:00,0.46,1.99
2025-08-03T07:00,0.05,1.31
2025-08-03T08:00,0.72,0.16
2025-08-03T09:00,1.01,1.03
2025-08-03T10:00,1.24,1.77
2025-08-03T11:00,1.87,2.94
2025-08-03T12:00,2.14,4.65
2025-08-03T13:00,1.65,3.55
2025-08-03T14:00,1.38,2.10
2025-08-03T15:00,1.26,1.79
2025-08-03T16:00,1.97,2.75
2025-08-03T17:00,2.00,2.80
2025-08-03T18:00,2.10,2.85
2025-08-03T19:00,1.97,2.65
2025-08-03T20:00,1.97,2.61
2025-08-03T21:00,1.79,2.36
2025-08-03T22:00,2.51,4.17
2025-08-03T23:00,1.99,4.25
2025-08-04T00:00,1.25,3.62
2025-08-04T01:00,0.64,2.79
2025-08-04T02:00,0.25,1.16
2025-08-04T03:00,0.68,1.25
2025-08-04T04:00,0.81,1.31
2025-08-04T05:00,1.17,2.11
2025-08-04T06:00,1.26,3.11
2025-08-04T07:00,1.17,2.66
2025-08-04T08:00,1.24,3.16
2025-08-04T09:00,1.27,3.26
2025-08-04T10:00,1.44,3.72
2025-08-04T11:00,1.95,4.37
2025-08-04T12:00,1.84,4.30
2025-08-04T13:00,1.10,3.98
2025-08-04T14:00,1.34,2.09
2025-08-04T15:00,1.26,1.77
2025-08-04T16:00,1.25,1.74
2025-08-04T17:00,1.45,2.02
2025-08-04T18:00,1.49,2.00
2025-08-04T19:00,1.60,2.18
2025-08-04T20:00,1.64,2.29
2025-08-04T21:00,2.00,2.80
2025-08-04T22:00,2.21,3.27
2025-08-04T23:00,1.91,3.87
2025-08-05T00:00,1.33,3.71
2025-08-05T01:00,1.39,3.78
2025-08-05T02:00,1.24,3.14
2025-08-05T03:00,0.50,2.21
2025-08-05T04:00,1.01,1.83
2025-08-05T05:00,1.17,3.00
2025-08-05T06:00,0.46,1.76
2025-08-05T07:00,0.46,1.46
2025-08-05T08:00,0.78,1.66
2025-08-05T09:00,1.10,2.34
2025-08-05T10:00,0.85,2.12
2025-08-05T11:00,0.61,1.47
2025-08-05T12:00,0.94,2.03
2025-08-05T13:00,0.49,1.75
2025-08-05T14:00,0.28,0.60
2025-08-05T15:00,0.21,0.25
2025-08-05T16:00,0.51,0.70
2025-08-05T17:00,0.76,1.00
2025-08-05T18:00,1.17,1.56
2025-08-05T19:00,1.46,1.96
2025-08-05T20:00,1.52,2.16
2025-08-05T21:00,1.58,2.23
2025-08-05T22:00,1.78,2.64
2025-08-05T23:00,1.46,2.87
2025-08-06T00:00,1.61,3.73
2025-08-06T01:00,1.47,3.84
2025-08-06T02:00,1.67,4.18
2025-08-06T03:00,1.07,3.30
2025-08-06T04:00,1.00,3.05
2025-08-06T05:00,1.03,3.22
2025-08-06T06:00,0.36,1.96
2025-08-06T07:00,0.76,1.97
2025-08-06T08:00,0.92,2.20
2025-08-06T09:00,1.17,2.94
2025-08-06T10:00,1.41,3.73
2025-08-06T11:00,1.62,4.14
2025-08-06T12:00,1.52,3.81
2025-08-06T13:00,2.21,3.43
2025-08-06T14:00,2.52,3.92
2025-08-06T15:00,3.04,4.47
2025-08-06T16:00,2.39,3.57
2025-08-06T17:00,2.27,3.22
2025-08-06T18:00,2.06,3.10
2025-08-06T19:00,1.70,2.60
2025-08-06T20:00,2.00,3.00
2025-08-06T21:00,2.50,3.90
2025-08-06T22:00,2.53,3.88
2025-08-06T23:00,2.17,4.01
2025-08-07T00:00,1.75,3.86
2025-08-07T01:00,1.32,3.61
2025-08-07T02:00,1.55,4.28
2025-08-07T03:00,1.61,4.22
2025-08-07T04:00,2.04,4.64
2025-08-07T05:00,2.33,5.03
2025-08-07T06:00,2.40,5.20
2025-08-07T07:00,2.43,5.34
2025-08-07T08:00,2.53,5.52
2025-08-07T09:00,2.48,5.55
2025-08-07T10:00,2.48,5.55
2025-08-07T11:00,2.59,5.37
2025-08-07T12:00,2.25,4.85
2025-08-07T13:00,2.83,4.21
2025-08-07T14:00,2.99,4.33
2025-08-07T15:00,2.50,3.56
2025-08-07T16:00,3.22,4.60
2025-08-07T17:00,3.50,5.00
2025-08-07T18:00,3.50,5.05
2025-08-07T19:00,3.72,5.38
2025-08-07T20:00,3.70,5.35
2025-08-07T21:00,3.66,5.32
2025-08-07T22:00,3.61,5.46
2025-08-07T23:00,3.50,5.56
2025-08-08T00:00,2.30,4.51
2025-08-08T01:00,2.02,4.77
2025-08-08T02:00,2.07,4.77
2025-08-08T03:00,1.90,4.58
2025-08-08T04:00,1.85,4.53
2025-08-08T05:00,1.50,4.12
2025-08-08T06:00,1.41,4.02
2025-08-08T07:00,1.28,3.69
2025-08-08T08:00,1.31,3.69
2025-08-08T09:00,1.38,3.89
2025-08-08T10:00,1.63,4.01
2025-08-08T11:00,2.04,4.14
2025-08-08T12:00,1.93,3.80
2025-08-08T13:00,2.67,3.87
2025-08-08T14:00,2.09,2.91
2025-08-08T15:00,2.42,3.39
2025-08-08T16:00,2.57,3.60
2025-08-08T17:00,2.62,3.67
2025-08-08T18:00,2.88,3.99
2025-08-08T19:00,2.94,4.11
2025-08-08T20:00,2.70,3.85
2025-08-08T21:00,2.25,3.21
2025-08-08T22:00,2.46,3.57
2025-08-08T23:00,2.42,4.05
2025-08-09T00:00,2.57,5.33
2025-08-09T01:00,1.82,4.56
2025-08-09T02:00,1.50,4.35
2025-08-09T03:00,1.39,4.17
2025-08-09T04:00,1.87,4.80
2025-08-09T05:00,1.46,4.17
2025-08-09T06:00,1.01,3.08
2025-08-09T07:00,0.63,2.27
2025-08-09T08:00,0.62,1.58
2025-08-09T09:00,0.86,1.63
2025-08-09T10:00,0.84,1.64
2025-08-09T11:00,0.90,1.49
2025-08-09T12:00,1.29,2.46
2025-08-09T13:00,1.14,1.66
2025-08-09T14:00,1.37,1.89
2025-08-09T15:00,1.81,2.56
2025-08-09T16:00,2.04,2.84
2025-08-09T17:00,2.34,3.21
2025-08-09T18:00,2.30,3.16
2025-08-09T19:00,2.37,3.21
2025-08-09T20:00,2.41,3.29
2025-08-09T21:00,2.33,3.21
2025-08-09T22:00,2.26,3.08
2025-08-09T23:00,2.21,3.54
2025-08-10T00:00,1.80,4.36
2025-08-10T01:00,1.66,4.33
2025-08-10T02:00,1.55,4.35
2025-08-10T03:00,1.36,3.73
2025-08-10T04:00,1.42,4.07
2025-08-10T05:00,0.71,3.33
2025-08-10T06:00,0.71,3.08
2025-08-10T07:00,0.79,3.13
2025-08-10T08:00,0.60,2.74
2025-08-10T09:00,0.40,2.26
2025-08-10T10:00,0.34,1.78
2025-08-10T11:00,0.32,0.74
2025-08-10T12:00,0.60,1.00
2025-08-10T13:00,0.28,0.45
2025-08-10T14:00,0.45,0.65
2025-08-10T15:00,0.62,0.84
2025-08-10T16:00,1.27,1.70
2025-08-10T17:00,1.58,2.12
2025-08-10T18:00,1.75,2.37
2025-08-10T19:00,2.15,2.88
2025-08-10T20:00,2.52,3.40
2025-08-10T21:00,2.75,3.76
2025-08-10T22:00,2.78,3.86
2025-08-10T23:00,2.82,4.10
2025-08-11T00:00,2.41,4.65
2025-08-11T01:00,2.21,4.79
2025-08-11T02:00,1.68,4.27
2025-08-11T03:00,1.38,4.02
2025-08-11T04:00,1.21,3.61
2025-08-11T05:00,1.47,4.24
2025-08-11T06:00,1.71,4.51
2025-08-11T07:00,1.50,4.24
2025-08-11T08:00,1.46,4.00
2025-08-11T09:00,1.52,4.02
2025-08-11T10:00,1.12,3.54
2025-08-11T11:00,0.50,2.23
2025-08-11T12:00,0.93,1.23
2025-08-11T13:00,0.86,0.90
2025-08-11T14:00,0.87,1.02
2025-08-11T15:00,0.93,1.15
2025-08-11T16:00,1.19,1.60
2025-08-11T17:00,1.14,1.56
2025-08-11T18:00,1.08,1.48
2025-08-11T19:00,0.74,1.07
2025-08-11T20:00,0.56,0.81
2025-08-11T21:00,1.82,2.53
2025-08-11T22:00,4.28,6.22
2025-08-11T23:00,3.27,5.07
2025-08-12T00:00,2.81,5.13
2025-08-12T01:00,2.66,5.16
2025-08-12T02:00,2.40,4.80
2025-08-12T03:00,2.37,4.75
2025-08-12T04:00,2.35,4.73
2025-08-12T05:00,2.15,4.46
2025-08-12T06:00,1.81,4.00
2025-08-12T07:00,1.70,3.81
2025-08-12T08:00,1.50,3.48
2025-08-12T09:00,1.35,3.22
2025-08-12T10:00,1.23,2.95
2025-08-12T11:00,1.47,2.65
2025-08-12T12:00,1.61,1.95
2025-08-12T13:00,1.57,2.17
2025-08-12T14:00,1.81,2.51
2025-08-12T15:00,1.78,2.44
2025-08-12T16:00,1.76,2.40
2025-08-12T17:00,1.75,2.45
2025-08-12T18:00,1.92,2.65
2025-08-12T19:00,1.98,2.72
2025-08-12T20:00,2.01,2.70
2025-08-12T21:00,2.61,3.65
2025-08-12T22:00,3.08,4.39
2025-08-12T23:00,2.23,3.16
2025-08-13T00:00,2.44,4.39
2025-08-13T01:00,1.95,3.68
2025-08-13T02:00,1.20,2.85
2025-08-13T03:00,2.01,4.15
2025-08-13T04:00,1.70,3.73
2025-08-13T05:00,1.75,3.79
2025-08-13T06:00,1.71,3.56
2025-08-13T07:00,1.90,3.95
2025-08-13T08:00,1.85,3.81
2025-08-13T09:00,1.25,2.89
2025-08-13T10:00,1.32,2.89
2025-08-13T11:00,1.70,2.93
2025-08-13T12:00,1.79,2.48
2025-08-13T13:00,2.02,2.55
2025-08-13T14:00,2.89,4.82
2025-08-13T15:00,1.36,1.44
2025-08-13T16:00,2.66,3.93
2025-08-13T17:00,2.08,2.84
2025-08-13T18:00,1.07,1.50
2025-08-13T19:00,1.62,2.24
2025-08-13T20:00,1.80,2.51
2025-08-13T21:00,1.92,2.65
2025-08-13T22:00,0.96,1.31
2025-08-13T23:00,0.76,0.98
2025-08-14T00:00,1.39,2.64
2025-08-14T01:00,1.53,1.72
2025-08-14T02:00,3.25,6.11
2025-08-14T03:00,1.70,3.01
2025-08-14T04:00,1.66,2.51
2025-08-14T05:00,1.41,2.17
2025-08-14T06:00,1.50,3.20
2025-08-14T07:00,1.66,3.93
2025-08-14T08:00,2.06,4.76
2025-08-14T09:00,1.98,4.59
2025-08-14T10:00,2.42,5.26
2025-08-14T11:00,2.87,5.80
2025-08-14T12:00,2.18,5.66
2025-08-14T13:00,1.98,3.18
2025-08-14T14:00,2.08,3.06
2025-08-14T15:00,1.99,2.77
2025-08-14T16:00,1.55,2.15
2025-08-14T17:00,1.86,2.44
2025-08-14T18:00,2.47,3.66
2025-08-14T19:00,1.21,1.84
2025-08-14T20:00,2.06,2.73
2025-08-14T21:00,2.20,3.14
2025-08-14T22:00,1.35,1.91
2025-08-14T23:00,0.61,0.97
2025-08-15T00:00,0.18,1.05
2025-08-15T01:00,0.78,2.08
2025-08-15T02:00,0.21,1.26
2025-08-15T03:00,0.50,0.54
2025-08-15T04:00,1.08,2.67
2025-08-15T05:00,0.85,2.21
2025-08-15T06:00,0.99,2.33
2025-08-15T07:00,1.04,2.66
2025-08-15T08:00,1.64,3.89
2025-08-15T09:00,1.20,3.44
2025-08-15T10:00,1.11,3.29
2025-08-15T11:00,1.49,3.52
2025-08-15T12:00,1.22,3.14
2025-08-15T13:00,1.30,2.18
2025-08-15T14:00,1.21,1.79
2025-08-15T15:00,1.65,2.30
2025-08-15T16:00,2.81,3.74
2025-08-15T17:00,2.11,3.01
2025-08-15T18:00,1.43,1.95
2025-08-15T19:00,1.20,1.70
2025-08-15T20:00,1.36,1.86
2025-08-15T21:00,1.90,2.65
2025-08-15T22:00,1.95,2.77
2025-08-15T23:00,1.87,3.51
2025-08-16T00:00,1.65,3.73
2025-08-16T01:00,1.06,2.07
2025-08-16T02:00,0.69,1.82
2025-08-16T03:00,1.27,3.20
2025-08-16T04:00,1.51,3.52
2025-08-16T05:00,1.71,3.76
2025-08-16T06:00,1.43,3.32
2025-08-16T07:00,0.05,0.64
2025-08-16T08:00,1.17,2.12
2025-08-16T09:00,1.37,2.84
2025-08-16T10:00,1.50,3.23
2025-08-16T11:00,1.92,3.67
2025-08-16T12:00,1.68,2.40
2025-08-16T13:00,1.54,2.21
2025-08-16T14:00,1.43,2.01
2025-08-16T15:00,1.40,1.88
2025-08-16T16:00,1.14,1.51
2025-08-16T17:00,1.22,1.60
2025-08-16T18:00,1.20,1.58
2025-08-16T19:00,1.45,1.94
2025-08-16T20:00,1.13,1.62
2025-08-16T21:00,1.32,1.86
2025-08-16T22:00,1.41,1.96
2025-08-16T23:00,1.06,2.12
2025-08-17T00:00,0.25,0.59
2025-08-17T01:00,0.55,1.71
2025-08-17T02:00,1.17,2.62
2025-08-17T03:00,1.39,3.31
2025-08-17T04:00,2.20,4.93
2025-08-17T05:00,2.95,5.94
2025-08-17T06:00,3.04,6.14
2025-08-17T07:00,2.70,5.66
2025-08-17T08:00,2.79,5.78
2025-08-17T09:00,2.61,5.46
2025-08-17T10:00,1.94,4.60
2025-08-17T11:00,1.89,4.03
2025-08-17T12:00,1.59,3.22
2025-08-17T13:00,1.31,2.04
2025-08-17T14:00,1.25,1.75
2025-08-17T15:00,1.35,1.86
2025-08-17T16:00,1.36,1.86
2025-08-17T17:00,2.05,2.80
2025-08-17T18:00,2.14,2.94
2025-08-17T19:00,2.11,2.87
2025-08-17T20:00,2.00,2.80
2025-08-17T21:00,1.86,2.53
2025-08-17T22:00,2.34,3.25
2025-08-17T23:00,2.02,3.03
2025-08-18T00:00,5.27,8.20
2025-08-18T01:00,1.25,2.92
2025-08-18T02:00,0.53,1.86
2025-08-18T03:00,1.55,3.13
2025-08-18T04:00,2.15,4.46
2025-08-18T05:00,2.34,4.81
2025-08-18T06:00,3.35,6.22
2025-08-18T07:00,3.08,5.85
2025-08-18T08:00,3.65,6.71
2025-08-18T09:00,3.95,7.02
2025-08-18T10:00,3.95,6.94
2025-08-18T11:00,3.60,6.25
2025-08-18T12:00,3.80,6.18
2025-08-18T13:00,4.47,7.08
2025-08-18T14:00,4.26,6.59
2025-08-18T15:00,4.39,6.72
2025-08-18T16:00,4.38,6.65
2025-08-18T17:00,3.97,5.92
2025-08-18T18:00,3.98,5.86
2025-08-18T19:00,4.04,5.88
2025-08-18T20:00,3.43,5.20
2025-08-18T21:00,3.64,5.59
2025-08-18T22:00,3.33,5.23
2025-08-18T23:00,3.11,5.10
2025-08-19T00:00,3.01,5.33
2025-08-19T01:00,2.65,4.56
2025-08-19T02:00,2.80,4.99
2025-08-19T03:00,3.15,5.65
2025-08-19T04:00,3.05,5.46
2025-08-19T05:00,2.68,5.00
2025-08-19T06:00,2.22,4.43
2025-08-19T07:00,2.27,4.55
2025-08-19T08:00,1.83,3.84
2025-08-19T09:00,1.97,3.78
2025-08-19T10:00,2.20,4.24
2025-08-19T11:00,2.49,4.60
2025-08-19T12:00,2.46,4.36
2025-08-19T13:00,2.55,4.03
2025-08-19T14:00,3.18,4.81
2025-08-19T15:00,3.52,5.20
2025-08-19T16:00,2.98,4.41
2025-08-19T17:00,2.91,4.32
2025-08-19T18:00,3.01,4.40
2025-08-19T19:00,3.22,4.70
2025-08-19T20:00,3.60,5.26
2025-08-19T21:00,3.60,5.35
2025-08-19T22:00,3.25,4.97
2025-08-19T23:00,3.02,4.67
2025-08-20T00:00,2.55,4.50
2025-08-20T01:00,1.82,3.00
2025-08-20T02:00,1.53,2.58
2025-08-20T03:00,1.67,2.95
2025-08-20T04:00,1.81,3.48
2025-08-20T05:00,1.97,3.85
2025-08-20T06:00,1.68,3.43
2025-08-20T07:00,1.48,3.02
2025-08-20T08:00,1.57,3.38
2025-08-20T09:00,1.91,3.90
2025-08-20T10:00,1.95,4.26
2025-08-20T11:00,2.28,4.68
2025-08-20T12:00,2.57,3.83
2025-08-20T13:00,2.45,3.54
2025-08-20T14:00,2.33,3.36
2025-08-20T15:00,1.47,2.02
2025-08-20T16:00,1.55,2.06
2025-08-20T17:00,1.74,2.37
2025-08-20T18:00,1.42,1.95
2025-08-20T19:00,1.11,1.49
2025-08-20T20:00,0.89,1.20
2025-08-20T21:00,1.19,1.62
2025-08-20T22:00,1.56,2.18
2025-08-20T23:00,2.32,3.82
2025-08-21T00:00,2.08,4.22
2025-08-21T01:00,2.66,4.80
2025-08-21T02:00,3.09,5.62
2025-08-21T03:00,2.94,5.36
2025-08-21T04:00,3.11,5.48
2025-08-21T05:00,3.74,6.55
2025-08-21T06:00,4.69,7.97
2025-08-21T07:00,4.16,7.19
2025-08-21T08:00,3.89,6.49
2025-08-21T09:00,3.56,5.88
2025-08-21T10:00,3.85,6.22
2025-08-21T11:00,4.05,6.49
2025-08-21T12:00,4.59,7.17
2025-08-21T13:00,4.48,6.96
2025-08-21T14:00,5.26,7.85
2025-08-21T15:00,4.37,6.56
2025-08-21T16:00,3.89,5.84
2025-08-21T17:00,4.26,6.37
2025-08-21T18:00,4.56,6.77
2025-08-21T19:00,4.30,6.44
2025-08-21T20:00,4.16,6.37
2025-08-21T21:00,4.24,6.37
2025-08-21T22:00,4.53,6.94
2025-08-21T23:00,2.99,5.39
2025-08-22T00:00,3.11,5.86
2025-08-22T01:00,2.21,4.44
2025-08-22T02:00,2.25,5.22
2025-08-22T03:00,1.70,4.33
2025-08-22T04:00,1.08,3.27
2025-08-22T05:00,0.78,2.64
2025-08-22T06:00,1.25,3.04
2025-08-22T07:00,1.60,3.16
2025-08-22T08:00,1.56,3.07
2025-08-22T09:00,1.70,3.31
2025-08-22T10:00,1.70,3.36
2025-08-22T11:00,2.02,4.04
2025-08-22T12:00,2.02,4.91
2025-08-22T13:00,1.00,1.71
2025-08-22T14:00,1.39,1.93
2025-08-22T15:00,1.38,1.92
2025-08-22T16:00,1.39,1.90
2025-08-22T17:00,1.36,1.80
2025-08-22T18:00,1.63,2.18
2025-08-22T19:00,1.95,2.57
2025-08-22T20:00,2.30,3.08
2025-08-22T21:00,2.18,2.93
2025-08-22T22:00,2.42,3.39
2025-08-22T23:00,2.53,4.90
2025-08-23T00:00,2.69,5.80
2025-08-23T01:00,2.43,5.58
2025-08-23T02:00,1.95,5.22
2025-08-23T03:00,1.76,5.02
2025-08-23T04:00,1.64,4.80
2025-08-23T05:00,1.71,4.90
2025-08-23T06:00,1.77,5.00
2025-08-23T07:00,1.85,5.11
2025-08-23T08:00,2.01,5.18
2025-08-23T09:00,2.06,5.33
2025-08-23T10:00,1.81,4.86
2025-08-23T11:00,1.97,4.88
2025-08-23T12:00,2.04,5.26
2025-08-23T13:00,1.68,3.45
2025-08-23T14:00,2.00,3.01
2025-08-23T15:00,2.35,3.35
2025-08-23T16:00,2.55,3.66
2025-08-23T17:00,2.68,3.74
2025-08-23T18:00,2.52,3.54
2025-08-23T19:00,2.73,3.86
2025-08-23T20:00,3.00,4.30
2025-08-23T21:00,3.75,5.36
2025-08-23T22:00,4.08,6.08
2025-08-23T23:00,3.41,5.84
2025-08-24T00:00,3.43,6.49
2025-08-24T01:00,3.98,7.23
2025-08-24T02:00,3.61,6.80
2025-08-24T03:00,3.23,6.24
2025-08-24T04:00,2.83,5.71
2025-08-24T05:00,2.56,5.40
2025-08-24T06:00,2.57,5.41
2025-08-24T07:00,2.68,5.65
2025-08-24T08:00,2.45,5.47
2025-08-24T09:00,2.26,5.17
2025-08-24T10:00,2.13,5.05
2025-08-24T11:00,2.25,4.86
2025-08-24T12:00,2.13,4.86
2025-08-24T13:00,2.16,3.35
2025-08-24T14:00,2.09,3.04
2025-08-24T15:00,2.43,3.59
2025-08-24T16:00,1.78,2.57
2025-08-24T17:00,2.43,3.46
2025-08-24T18:00,1.83,2.64
2025-08-24T19:00,1.76,2.49
2025-08-24T20:00,2.32,3.19
2025-08-24T21:00,3.05,4.40
2025-08-24T22:00,2.20,3.35
2025-08-24T23:00,2.17,3.79
2025-08-25T00:00,2.36,4.61
2025-08-25T01:00,2.66,4.99
2025-08-25T02:00,0.79,2.65
2025-08-25T03:00,2.44,4.65
2025-08-25T04:00,1.72,3.94
2025-08-25T05:00,0.39,2.57
2025-08-25T06:00,2.26,5.17
2025-08-25T07:00,0.81,2.65
2025-08-25T08:00,2.01,4.48
2025-08-25T09:00,2.21,5.01
2025-08-25T10:00,3.02,6.12
2025-08-25T11:00,3.23,6.43
2025-08-25T12:00,2.89,5.98
2025-08-25T13:00,2.19,3.83
2025-08-25T14:00,2.46,3.52
2025-08-25T15:00,3.11,4.46
2025-08-25T16:00,3.43,4.90
2025-08-25T17:00,3.46,4.84
2025-08-25T18:00,4.68,6.68
2025-08-25T19:00,4.29,6.27
2025-08-25T20:00,3.91,5.66
2025-08-25T21:00,3.78,5.59
2025-08-25T22:00,4.16,6.26
2025-08-25T23:00,3.82,6.53
2025-08-26T00:00,2.88,5.97
2025-08-26T01:00,1.92,5.02
2025-08-26T02:00,2.80,6.20
2025-08-26T03:00,3.19,6.70
2025-08-26T04:00,3.01,6.44
2025-08-26T05:00,3.33,6.88
2025-08-26T06:00,2.69,5.98
2025-08-26T07:00,2.07,5.01
2025-08-26T08:00,1.79,4.51
2025-08-26T09:00,2.31,5.37
2025-08-26T10:00,2.62,5.83
2025-08-26T11:00,2.69,5.83
2025-08-26T12:00,2.12,5.47
2025-08-26T13:00,1.10,2.00
2025-08-26T14:00,2.15,3.12
2025-08-26T15:00,1.88,2.64
2025-08-26T16:00,2.04,2.85
2025-08-26T17:00,2.62,3.60
2025-08-26T18:00,3.17,4.39
2025-08-26T19:00,3.37,4.75
2025-08-26T20:00,3.93,5.72
2025-08-26T21:00,3.69,5.40
2025-08-26T22:00,3.67,5.55
2025-08-26T23:00,2.26,4.09
2025-08-27T00:00,1.45,4.00
2025-08-27T01:00,2.15,5.35
2025-08-27T02:00,3.78,7.72
2025-08-27T03:00,3.37,6.77
2025-08-27T04:00,2.21,5.41
2025-08-27T05:00,2.25,5.42
2025-08-27T06:00,2.50,5.66
2025-08-27T07:00,2.76,5.95
2025-08-27T08:00,2.55,5.73
2025-08-27T09:00,2.65,5.85
2025-08-27T10:00,2.72,6.03
2025-08-27T11:00,2.72,5.87
2025-08-27T12:00,2.41,6.30
2025-08-27T13:00,1.91,3.27
2025-08-27T14:00,2.54,3.69
2025-08-27T15:00,3.01,4.30
2025-08-27T16:00,3.15,4.42
2025-08-27T17:00,4.07,5.76
2025-08-27T18:00,4.17,6.08
2025-08-27T19:00,4.14,6.09
2025-08-27T20:00,3.72,5.52
2025-08-27T21:00,3.71,5.55
2025-08-27T22:00,3.32,5.15
2025-08-27T23:00,2.12,4.09
2025-08-28T00:00,1.50,4.20
2025-08-28T01:00,1.01,2.47
2025-08-28T02:00,0.94,2.21
2025-08-28T03:00,1.17,2.57
2025-08-28T04:00,1.19,2.99
2025-08-28T05:00,1.23,2.89
2025-08-28T06:00,1.27,3.00
2025-08-28T07:00,1.16,2.81
2025-08-28T08:00,1.14,3.04
2025-08-28T09:00,1.22,3.50
2025-08-28T10:00,1.35,3.92
2025-08-28T11:00,0.98,3.26
2025-08-28T12:00,0.87,2.37
2025-08-28T13:00,0.74,3.17
2025-08-28T14:00,0.87,1.57
2025-08-28T15:00,0.82,1.22
2025-08-28T16:00,0.89,1.26
2025-08-28T17:00,1.67,2.30
2025-08-28T18:00,2.55,3.46
2025-08-28T19:00,2.90,4.05
2025-08-28T20:00,3.23,4.65
2025-08-28T21:00,3.67,5.30
2025-08-28T22:00,2.93,4.36
2025-08-28T23:00,0.99,2.68
2025-08-29T00:00,1.05,2.51
2025-08-29T01:00,1.63,4.63
2025-08-29T02:00,1.50,4.56
2025-08-29T03:00,1.63,4.67
2025-08-29T04:00,1.29,3.85
2025-08-29T05:00,1.41,3.99
2025-08-29T06:00,1.71,4.59
2025-08-29T07:00,1.73,4.38
2025-08-29T08:00,1.45,4.12
2025-08-29T09:00,1.07,2.98
2025-08-29T10:00,1.77,4.39
2025-08-29T11:00,1.89,4.97
2025-08-29T12:00,2.64,6.14
2025-08-29T13:00,1.55,3.14
2025-08-29T14:00,3.38,5.12
2025-08-29T15:00,4.25,6.15
2025-08-29T16:00,4.48,6.45
2025-08-29T17:00,4.55,6.60
2025-08-29T18:00,4.49,6.46
2025-08-29T19:00,4.72,6.82
2025-08-29T20:00,4.57,6.65
2025-08-29T21:00,4.30,6.34
2025-08-29T22:00,4.24,6.43
2025-08-29T23:00,3.36,5.89
2025-08-30T00:00,3.20,6.30
2025-08-30T01:00,4.11,7.66
2025-08-30T02:00,4.00,7.42
2025-08-30T03:00,3.93,7.24
2025-08-30T04:00,2.72,5.63
2025-08-30T05:00,2.37,5.28
2025-08-30T06:00,2.75,5.77
2025-08-30T07:00,2.35,5.17
2025-08-30T08:00,1.81,4.40
2025-08-30T09:00,1.80,4.30
2025-08-30T10:00,1.94,4.54
2025-08-30T11:00,2.62,5.43
2025-08-30T12:00,2.48,6.37
2025-08-30T13:00,2.55,4.40
2025-08-30T14:00,2.80,4.05
2025-08-30T15:00,2.51,3.56
2025-08-30T16:00,2.28,3.20
2025-08-30T17:00,2.41,3.34
2025-08-30T18:00,2.11,2.93
2025-08-30T19:00,1.86,2.53
2025-08-30T20:00,1.87,2.56
2025-08-30T21:00,2.02,2.72
2025-08-30T22:00,2.01,2.74
2025-08-30T23:00,2.22,3.42
2025-08-31T00:00,1.88,4.20
2025-08-31T01:00,2.12,4.16
2025-08-31T02:00,1.11,3.14
2025-08-31T03:00,1.01,3.04
2025-08-31T04:00,0.46,2.24
2025-08-31T05:00,0.10,1.41
2025-08-31T06:00,0.16,0.78
2025-08-31T07:00,0.79,1.00
2025-08-31T08:00,1.46,2.50
2025-08-31T09:00,2.28,4.81
2025-08-31T10:00,2.35,5.47
2025-08-31T11:00,1.93,4.70
2025-08-31T12:00,2.05,4.89
2025-08-31T13:00,1.41,2.84
2025-08-31T14:00,1.32,2.04
2025-08-31T15:00,1.30,1.86
2025-08-31T16:00,1.57,2.25
2025-08-31T17:00,1.96,2.72
2025-08-31T18:00,2.35,3.29
2025-08-31T19:00,2.72,3.80
2025-08-31T20:00,2.87,4.08
2025-08-31T21:00,2.95,4.19
2025-08-31T22:00,3.06,4.39
2025-08-31T23:00,2.71,4.19
2025-09-01T00:00,2.23,4.55
2025-09-01T01:00,0.85,2.60
2025-09-01T02:00,0.72,2.31
2025-09-01T03:00,0.21,1.15
2025-09-01T04:00,0.99,1.13
2025-09-01T05:00,1.77,3.64
2025-09-01T06:00,1.42,3.57
2025-09-01T07:00,1.98,4.67
2025-09-01T08:00,1.77,4.36
2025-09-01T09:00,1.96,4.73
2025-09-01T10:00,1.98,4.90
2025-09-01T11:00,2.12,4.86
2025-09-01T12:00,1.96,4.74
2025-09-01T13:00,1.10,3.82
2025-09-01T14:00,1.47,2.25
2025-09-01T15:00,3.32,4.73
2025-09-01T16:00,4.14,5.95
2025-09-01T17:00,4.54,6.47
2025-09-01T18:00,4.35,6.25
2025-09-01T19:00,4.23,6.10
2025-09-01T20:00,3.64,5.23
2025-09-01T21:00,3.68,5.30
2025-09-01T22:00,3.81,5.62
2025-09-01T23:00,3.41,5.42
2025-09-02T00:00,2.85,5.27
2025-09-02T01:00,3.04,5.74
2025-09-02T02:00,3.14,5.85
2025-09-02T03:00,2.86,5.49
2025-09-02T04:00,2.01,4.40
2025-09-02T05:00,1.30,3.54
2025-09-02T06:00,1.06,2.91
2025-09-02T07:00,1.26,3.23
2025-09-02T08:00,1.28,3.26
2025-09-02T09:00,1.75,3.95
2025-09-02T10:00,2.00,4.59
2025-09-02T11:00,1.95,4.38
2025-09-02T12:00,1.82,4.60
2025-09-02T13:00,1.74,3.09
2025-09-02T14:00,2.62,3.68
2025-09-02T15:00,2.41,3.36
2025-09-02T16:00,2.18,3.06
2025-09-02T17:00,2.06,2.80
2025-09-02T18:00,1.90,2.61
2025-09-02T19:00,2.04,2.69
2025-09-02T20:00,2.33,3.08
2025-09-02T21:00,2.06,2.76
2025-09-02T22:00,1.78,2.39
2025-09-02T23:00,2.07,3.12
2025-09-03T00:00,1.59,3.80
2025-09-03T01:00,1.21,2.86
2025-09-03T02:00,1.29,3.29
2025-09-03T03:00,1.12,3.21
2025-09-03T04:00,1.14,3.47
2025-09-03T05:00,1.19,3.65
2025-09-03T06:00,1.00,3.02
2025-09-03T07:00,0.40,2.16
2025-09-03T08:00,0.25,1.70
2025-09-03T09:00,0.11,0.95
2025-09-03T10:00,0.05,0.59
2025-09-03T11:00,0.60,0.50
2025-09-03T12:00,0.90,1.10
2025-09-03T13:00,0.11,0.68
2025-09-03T14:00,0.38,0.60
2025-09-03T15:00,0.76,1.05
2025-09-03T16:00,1.00,1.39
2025-09-03T17:00,1.03,1.43
2025-09-03T18:00,0.81,1.10
2025-09-03T19:00,0.45,0.70
2025-09-03T20:00,0.61,0.92
2025-09-03T21:00,0.87,1.26
2025-09-03T22:00,1.86,2.55
2025-09-03T23:00,1.66,2.58
2025-09-04T00:00,3.34,5.74
2025-09-04T01:00,3.04,5.68
2025-09-04T02:00,2.93,5.61
2025-09-04T03:00,3.05,6.05
2025-09-04T04:00,3.12,6.26
2025-09-04T05:00,3.24,6.41
2025-09-04T06:00,3.26,6.40
2025-09-04T07:00,3.06,6.22
2025-09-04T08:00,3.09,6.35
2025-09-04T09:00,3.08,6.43
2025-09-04T10:00,3.12,6.49
2025-09-04T11:00,3.19,6.51
2025-09-04T12:00,2.65,7.32
2025-09-04T13:00,3.11,4.96
2025-09-04T14:00,3.69,5.49
2025-09-04T15:00,3.94,5.74
2025-09-04T16:00,4.35,6.29
2025-09-04T17:00,4.96,7.16
2025-09-04T18:00,5.50,8.07
2025-09-04T19:00,5.37,7.85
2025-09-04T20:00,6.44,9.53
2025-09-04T21:00,1.82,2.93
2025-09-04T22:00,1.46,2.20
2025-09-04T23:00,2.26,4.65
2025-09-05T00:00,3.09,6.36
2025-09-05T01:00,3.61,6.66
2025-09-05T02:00,4.74,8.25
2025-09-05T03:00,3.86,7.02
2025-09-05T04:00,3.54,6.51
2025-09-05T05:00,3.37,6.41
2025-09-05T06:00,2.91,5.78
2025-09-05T07:00,2.48,5.06
2025-09-05T08:00,2.09,4.52
2025-09-05T09:00,1.50,3.69
2025-09-05T10:00,1.35,3.45
2025-09-05T11:00,1.75,3.95
2025-09-05T12:00,1.68,4.18
2025-09-05T13:00,1.65,2.60
2025-09-05T14:00,2.10,3.05
2025-09-05T15:00,2.35,3.31
2025-09-05T16:00,2.75,3.91
2025-09-05T17:00,3.66,5.21
2025-09-05T18:00,4.24,6.10
2025-09-05T19:00,4.71,6.89
2025-09-05T20:00,5.06,7.50
2025-09-05T21:00,4.36,6.50
2025-09-05T22:00,3.70,5.69
2025-09-05T23:00,3.40,5.85
2025-09-06T00:00,3.27,6.17
2025-09-06T01:00,2.87,5.74
2025-09-06T02:00,2.80,5.90
2025-09-06T03:00,3.25,6.71
2025-09-06T04:00,3.70,7.30
2025-09-06T05:00,3.60,7.10
2025-09-06T06:00,3.27,6.63
2025-09-06T07:00,3.07,6.26
2025-09-06T08:00,3.26,6.57
2025-09-06T09:00,3.24,6.47
2025-09-06T10:00,3.24,6.53
2025-09-06T11:00,3.19,6.55
2025-09-06T12:00,2.63,6.64
2025-09-06T13:00,2.52,3.98
2025-09-06T14:00,2.43,3.59
2025-09-06T15:00,2.13,3.00
2025-09-06T16:00,2.32,3.23
2025-09-06T17:00,2.09,2.83
2025-09-06T18:00,2.80,3.80
2025-09-06T19:00,4.50,6.32
2025-09-06T20:00,3.12,4.66
2025-09-06T21:00,2.62,3.75
2025-09-06T22:00,1.52,2.34
2025-09-06T23:00,2.55,4.71
2025-09-07T00:00,2.59,5.16
2025-09-07T01:00,1.72,2.85
2025-09-07T02:00,1.26,2.15
2025-09-07T03:00,1.55,2.04
2025-09-07T04:00,1.99,3.68
2025-09-07T05:00,4.37,7.31
2025-09-07T06:00,4.10,7.47
2025-09-07T07:00,3.83,7.23
2025-09-07T08:00,3.37,6.62
2025-09-07T09:00,3.37,6.38
2025-09-07T10:00,3.50,6.48
2025-09-07T11:00,3.29,6.07
2025-09-07T12:00,2.98,5.61
2025-09-07T13:00,3.05,5.55
2025-09-07T14:00,2.73,4.94
2025-09-07T15:00,1.84,2.97
2025-09-07T16:00,1.83,2.73
2025-09-07T17:00,2.04,2.89
2025-09-07T18:00,2.09,3.01
2025-09-07T19:00,2.73,3.87
2025-09-07T20:00,3.31,4.74
2025-09-07T21:00,3.14,4.56
2025-09-07T22:00,3.11,4.92
2025-09-07T23:00,2.87,5.77
2025-09-08T00:00,3.05,6.90
2025-09-08T01:00,3.26,6.90
2025-09-08T02:00,3.27,6.79
2025-09-08T03:00,2.02,5.10
2025-09-08T04:00,2.31,5.44
2025-09-08T05:00,2.43,5.84
2025-09-08T06:00,2.62,6.08
2025-09-08T07:00,2.91,6.53
2025-09-08T08:00,2.86,6.47
2025-09-08T09:00,2.80,6.41
2025-09-08T10:00,2.95,6.59
2025-09-08T11:00,2.61,6.06
2025-09-08T12:00,2.55,5.83
2025-09-08T13:00,2.15,4.20
2025-09-08T14:00,2.62,3.96
2025-09-08T15:00,3.54,5.17
2025-09-08T16:00,3.16,4.47
2025-09-08T17:00,2.55,3.61
2025-09-08T18:00,2.35,3.30
2025-09-08T19:00,2.55,3.51
2025-09-08T20:00,2.68,3.74
2025-09-08T21:00,2.66,3.74
2025-09-08T22:00,2.51,3.62
2025-09-08T23:00,2.25,3.97
2025-09-09T00:00,2.03,4.44
2025-09-09T01:00,1.52,4.33
2025-09-09T02:00,1.32,4.12
2025-09-09T03:00,1.05,3.55
2025-09-09T04:00,0.81,2.06
2025-09-09T05:00,1.82,3.40
2025-09-09T06:00,1.64,4.19
2025-09-09T07:00,1.39,3.79
2025-09-09T08:00,1.43,3.23
2025-09-09T09:00,1.39,3.79
2025-09-09T10:00,1.60,4.08
2025-09-09T11:00,2.08,5.13
2025-09-09T12:00,2.36,5.16
2025-09-09T13:00,2.25,4.85
2025-09-09T14:00,2.94,4.47
2025-09-09T15:00,3.94,5.80
2025-09-09T16:00,3.87,5.57
2025-09-09T17:00,4.03,5.75
2025-09-09T18:00,3.97,5.65
2025-09-09T19:00,3.97,5.63
2025-09-09T20:00,3.32,4.79
2025-09-09T21:00,2.61,3.80
2025-09-09T22:00,3.41,4.92
2025-09-09T23:00,3.12,5.34
2025-09-10T00:00,2.87,5.60
2025-09-10T01:00,2.65,4.86
2025-09-10T02:00,2.20,4.29
2025-09-10T03:00,2.07,4.19
2025-09-10T04:00,2.21,4.47
2025-09-10T05:00,2.40,4.80
2025-09-10T06:00,2.69,5.00
2025-09-10T07:00,2.77,4.99
2025-09-10T08:00,2.83,5.01
2025-09-10T09:00,2.85,4.98
2025-09-10T10:00,2.96,5.17
2025-09-10T11:00,2.91,5.28
2025-09-10T12:00,2.85,4.83
2025-09-10T13:00,3.31,5.78
2025-09-10T14:00,2.70,4.55
2025-09-10T15:00,3.10,4.64
2025-09-10T16:00,3.40,5.07
2025-09-10T17:00,3.34,5.12
2025-09-10T18:00,3.03,4.57
2025-09-10T19:00,2.58,3.84
2025-09-10T20:00,2.64,3.87
2025-09-10T21:00,3.05,4.48
2025-09-10T22:00,2.46,3.78
2025-09-10T23:00,1.89,3.79
2025-09-11T00:00,1.64,3.91
2025-09-11T01:00,1.43,2.90
2025-09-11T02:00,1.24,2.51
2025-09-11T03:00,0.67,1.19
2025-09-11T04:00,0.92,1.17
2025-09-11T05:00,1.30,2.47
2025-09-11T06:00,1.62,2.72
2025-09-11T07:00,2.00,3.57
2025-09-11T08:00,2.02,4.24
2025-09-11T09:00,1.74,4.03
2025-09-11T10:00,1.81,4.26
2025-09-11T11:00,1.81,4.00
2025-09-11T12:00,1.50,3.30
2025-09-11T13:00,1.42,3.42
2025-09-11T14:00,1.11,1.64
2025-09-11T15:00,1.30,1.81
2025-09-11T16:00,1.23,1.65
2025-09-11T17:00,1.30,1.71
2025-09-11T18:00,1.46,1.96
2025-09-11T19:00,1.30,1.76
2025-09-11T20:00,1.14,1.53
2025-09-11T21:00,1.24,1.70
2025-09-11T22:00,1.80,2.56
2025-09-11T23:00,2.11,3.82
2025-09-12T00:00,1.86,4.16
2025-09-12T01:00,1.14,3.52
2025-09-12T02:00,1.04,3.00
2025-09-12T03:00,1.06,2.83
2025-09-12T04:00,1.13,2.99
2025-09-12T05:00,1.30,3.26
2025-09-12T06:00,1.94,4.22
2025-09-12T07:00,2.23,4.99
2025-09-12T08:00,2.24,5.13
2025-09-12T09:00,2.20,5.07
2025-09-12T10:00,2.46,5.64
2025-09-12T11:00,2.55,5.80
2025-09-12T12:00,2.45,4.96
2025-09-12T13:00,1.40,3.49
2025-09-12T14:00,1.48,2.30
2025-09-12T15:00,1.63,2.37
2025-09-12T16:00,1.75,2.46
2025-09-12T17:00,2.15,2.98
2025-09-12T18:00,2.66,3.68
2025-09-12T19:00,2.83,3.91
2025-09-12T20:00,3.03,4.19
2025-09-12T21:00,3.67,5.26
2025-09-12T22:00,3.28,5.16
2025-09-12T23:00,1.50,3.67
2025-09-13T00:00,1.30,3.54
2025-09-13T01:00,1.25,3.45
2025-09-13T02:00,1.52,4.07
2025-09-13T03:00,1.61,4.29
2025-09-13T04:00,1.74,4.62
2025-09-13T05:00,2.11,5.26
2025-09-13T06:00,1.71,4.63
2025-09-13T07:00,1.49,4.35
2025-09-13T08:00,1.29,3.95
2025-09-13T09:00,0.94,3.21
2025-09-13T10:00,0.25,2.10
2025-09-13T11:00,0.40,1.46
2025-09-13T12:00,1.03,1.40
2025-09-13T13:00,0.30,1.59
2025-09-13T14:00,0.65,1.07
2025-09-13T15:00,1.31,1.92
2025-09-13T16:00,1.73,2.40
2025-09-13T17:00,1.64,2.29
2025-09-13T18:00,1.63,2.27
2025-09-13T19:00,1.26,1.81
2025-09-13T20:00,0.75,1.12
2025-09-13T21:00,0.54,0.86
2025-09-13T22:00,1.25,1.77
2025-09-13T23:00,1.73,3.58
2025-09-14T00:00,2.46,5.27
2025-09-14T01:00,2.75,5.65
2025-09-14T02:00,3.02,6.13
2025-09-14T03:00,2.81,5.82
2025-09-14T04:00,2.58,5.52
2025-09-14T05:00,2.33,5.06
2025-09-14T06:00,2.35,4.84
2025-09-14T07:00,2.04,4.59
2025-09-14T08:00,1.74,4.42
2025-09-14T09:00,1.03,3.43
2025-09-14T10:00,0.88,2.67
2025-09-14T11:00,1.01,2.58
2025-09-14T12:00,1.01,2.37
2025-09-14T13:00,0.65,1.21
2025-09-14T14:00,1.00,1.45
2025-09-14T15:00,0.89,1.30
2025-09-14T16:00,1.20,1.65
2025-09-14T17:00,1.12,1.53
2025-09-14T18:00,1.31,1.84
2025-09-14T19:00,1.70,2.30
2025-09-14T20:00,2.27,3.12
2025-09-14T21:00,2.40,3.36
2025-09-14T22:00,2.25,3.15
2025-09-14T23:00,1.90,3.67
2025-09-15T00:00,1.32,3.21
2025-09-15T01:00,0.85,2.67
2025-09-15T02:00,0.83,2.42
2025-09-15T03:00,1.10,3.10
2025-09-15T04:00,1.38,3.20
2025-09-15T05:00,1.70,3.54
2025-09-15T06:00,1.30,2.93
2025-09-15T07:00,1.11,2.62
2025-09-15T08:00,1.11,2.57
2025-09-15T09:00,1.60,3.43
2025-09-15T10:00,1.71,3.81
2025-09-15T11:00,2.11,4.56
2025-09-15T12:00,2.17,5.06
2025-09-15T13:00,1.53,3.00
2025-09-15T14:00,2.13,3.11
2025-09-15T15:00,2.56,3.65
2025-09-15T16:00,3.38,4.80
2025-09-15T17:00,3.48,4.99
2025-09-15T18:00,3.73,5.35
2025-09-15T19:00,4.03,5.78
2025-09-15T20:00,4.14,5.98
2025-09-15T21:00,3.94,5.73
2025-09-15T22:00,3.53,5.25
2025-09-15T23:00,2.11,3.91
2025-09-16T00:00,1.77,4.03
2025-09-16T01:00,2.38,4.86
2025-09-16T02:00,1.81,4.10
2025-09-16T03:00,2.62,5.43
2025-09-16T04:00,3.02,6.03
2025-09-16T05:00,2.90,5.94
2025-09-16T06:00,2.83,5.80
2025-09-16T07:00,2.98,5.97
2025-09-16T08:00,3.18,6.10
2025-09-16T09:00,3.07,5.96
2025-09-16T10:00,3.31,6.25
2025-09-16T11:00,3.71,6.89
2025-09-16T12:00,3.51,6.29
2025-09-16T13:00,2.57,4.38
2025-09-16T14:00,4.49,6.94
2025-09-16T15:00,5.65,8.50
2025-09-16T16:00,4.92,7.40
2025-09-16T17:00,4.77,7.07
2025-09-16T18:00,5.09,7.67
2025-09-16T19:00,4.76,7.19
2025-09-16T20:00,4.59,6.95
2025-09-16T21:00,4.79,7.47
2025-09-16T22:00,4.91,7.85
2025-09-16T23:00,4.49,7.66
2025-09-17T00:00,4.80,8.43
2025-09-17T01:00,4.38,8.46
2025-09-17T02:00,4.95,8.83
2025-09-17T03:00,5.42,9.52
2025-09-17T04:00,5.83,10.32
2025-09-17T05:00,5.57,9.95
2025-09-17T06:00,5.36,9.70
2025-09-17T07:00,5.78,10.16
2025-09-17T08:00,6.07,10.71
2025-09-17T09:00,5.77,10.22
2025-09-17T10:00,5.26,9.48
2025-09-17T11:00,5.31,9.49
2025-09-17T12:00,5.19,9.24
2025-09-17T13:00,4.39,7.71
2025-09-17T14:00,4.25,7.23
2025-09-17T15:00,3.56,6.43
2025-09-17T16:00,6.07,9.35
2025-09-17T17:00,5.50,8.40
2025-09-17T18:00,4.41,7.20
2025-09-17T19:00,4.02,6.23
2025-09-17T20:00,3.80,6.29
2025-09-17T21:00,3.71,6.25
2025-09-17T22:00,3.18,5.45
2025-09-17T23:00,2.90,5.55
2025-09-18T00:00,2.19,4.67
2025-09-18T01:00,2.94,5.56
2025-09-18T02:00,2.25,4.37
2025-09-18T03:00,2.15,4.19
2025-09-18T04:00,1.97,3.88
2025-09-18T05:00,1.77,3.62
2025-09-18T06:00,1.95,3.82
2025-09-18T07:00,2.10,4.25
2025-09-18T08:00,2.42,4.82
2025-09-18T09:00,2.53,5.09
2025-09-18T10:00,2.28,4.74
2025-09-18T11:00,1.63,3.73
2025-09-18T12:00,1.67,2.96
2025-09-18T13:00,0.94,1.73
2025-09-18T14:00,1.63,2.19
2025-09-18T15:00,1.97,2.69
2025-09-18T16:00,1.67,2.26
2025-09-18T17:00,1.70,2.26
2025-09-18T18:00,1.61,2.21
2025-09-18T19:00,1.63,2.23
2025-09-18T20:00,1.58,2.24
2025-09-18T21:00,1.20,1.70
2025-09-18T22:00,0.89,1.59
2025-09-18T23:00,1.30,3.27
2025-09-19T00:00,2.28,5.46
2025-09-19T01:00,2.44,5.78
2025-09-19T02:00,2.23,5.73
2025-09-19T03:00,2.23,5.75
2025-09-19T04:00,2.45,5.97
2025-09-19T05:00,2.62,6.18
2025-09-19T06:00,2.17,5.31
2025-09-19T07:00,1.72,4.55
2025-09-19T08:00,1.49,4.15
2025-09-19T09:00,1.62,4.52
2025-09-19T10:00,2.21,5.51
2025-09-19T11:00,2.42,5.84
2025-09-19T12:00,2.69,5.74
2025-09-19T13:00,2.02,6.08
2025-09-19T14:00,1.80,3.72
2025-09-19T15:00,2.01,3.01
2025-09-19T16:00,1.91,2.75
2025-09-19T17:00,1.61,2.23
2025-09-19T18:00,1.20,1.66
2025-09-19T19:00,0.91,1.30
2025-09-19T20:00,0.76,1.06
2025-09-19T21:00,0.90,1.25
2025-09-19T22:00,0.71,1.57
2025-09-19T23:00,0.66,1.54
2025-09-20T00:00,0.63,1.30
2025-09-20T01:00,2.32,4.47
2025-09-20T02:00,1.14,3.05
2025-09-20T03:00,1.32,2.06
2025-09-20T04:00,1.65,4.50
2025-09-20T05:00,2.62,5.49
2025-09-20T06:00,1.89,4.41
2025-09-20T07:00,2.30,5.19
2025-09-20T08:00,2.21,5.09
2025-09-20T09:00,2.44,5.12
2025-09-20T10:00,2.80,5.93
2025-09-20T11:00,3.15,6.45
2025-09-20T12:00,3.01,6.02
2025-09-20T13:00,3.52,5.82
2025-09-20T14:00,3.57,6.01
2025-09-20T15:00,3.69,6.11
2025-09-20T16:00,3.00,4.62
2025-09-20T17:00,2.35,3.44
2025-09-20T18:00,2.13,3.05
2025-09-20T19:00,2.53,3.62
2025-09-20T20:00,2.74,3.91
2025-09-20T21:00,2.85,4.16
2025-09-20T22:00,2.60,4.15
2025-09-20T23:00,2.11,4.48
2025-09-21T00:00,2.11,5.01
2025-09-21T01:00,2.86,5.71
2025-09-21T02:00,2.72,5.43
2025-09-21T03:00,2.72,5.25
2025-09-21T04:00,2.75,5.29
2025-09-21T05:00,2.88,5.45
2025-09-21T06:00,2.32,4.71
2025-09-21T07:00,2.15,4.37
2025-09-21T08:00,2.13,4.11
2025-09-21T09:00,2.00,3.99
2025-09-21T10:00,2.41,4.58
2025-09-21T11:00,2.26,4.46
2025-09-21T12:00,2.60,4.10
2025-09-21T13:00,2.31,5.13
2025-09-21T14:00,2.55,3.76
2025-09-21T15:00,3.61,5.43
2025-09-21T16:00,2.99,4.30
2025-09-21T17:00,3.07,4.38
2025-09-21T18:00,3.23,4.67
2025-09-21T19:00,3.11,4.41
2025-09-21T20:00,2.96,4.27
2025-09-21T21:00,2.84,4.12
2025-09-21T22:00,2.16,3.81
2025-09-21T23:00,2.45,5.04
2025-09-22T00:00,2.33,5.51
2025-09-22T01:00,2.28,4.62
2025-09-22T02:00,2.77,5.45
2025-09-22T03:00,3.00,5.89
2025-09-22T04:00,1.96,4.44
2025-09-22T05:00,1.77,3.82
2025-09-22T06:00,2.03,4.28
2025-09-22T07:00,1.51,3.80
2025-09-22T08:00,0.67,2.35
2025-09-22T09:00,0.71,2.20
2025-09-22T10:00,0.86,2.35
2025-09-22T11:00,0.72,2.20
2025-09-22T12:00,1.13,2.60
2025-09-22T13:00,1.53,2.40
2025-09-22T14:00,1.96,2.86
2025-09-22T15:00,2.29,3.39
2025-09-22T16:00,2.85,4.10
2025-09-22T17:00,2.55,3.67
2025-09-22T18:00,2.82,4.04
2025-09-22T19:00,2.85,4.11
2025-09-22T20:00,2.70,3.96
2025-09-22T21:00,2.44,3.69
2025-09-22T22:00,1.58,3.39
2025-09-22T23:00,1.77,4.33
2025-09-23T00:00,2.31,5.46
2025-09-23T01:00,2.14,5.27
2025-09-23T02:00,2.22,5.15
2025-09-23T03:00,2.50,5.51
2025-09-23T04:00,2.43,5.50
2025-09-23T05:00,2.50,5.68
2025-09-23T06:00,3.00,6.44
2025-09-23T07:00,2.88,6.22
2025-09-23T08:00,2.71,5.99
2025-09-23T09:00,2.56,5.82
2025-09-23T10:00,2.57,5.76
2025-09-23T11:00,2.70,5.96
2025-09-23T12:00,2.64,6.64
2025-09-23T13:00,1.68,3.44
2025-09-23T14:00,1.72,2.58
2025-09-23T15:00,1.98,2.89
2025-09-23T16:00,1.80,2.60
2025-09-23T17:00,1.88,2.66
2025-09-23T18:00,1.95,2.75
2025-09-23T19:00,1.90,2.71
2025-09-23T20:00,2.79,3.90
2025-09-23T21:00,1.88,3.60
2025-09-23T22:00,1.04,2.69
2025-09-23T23:00,1.58,4.24
2025-09-24T00:00,2.23,5.27
2025-09-24T01:00,3.02,5.84
2025-09-24T02:00,0.29,1.61
2025-09-24T03:00,1.86,3.07
2025-09-24T04:00,1.92,4.26
2025-09-24T05:00,1.83,4.76
2025-09-24T06:00,2.27,5.38
2025-09-24T07:00,1.90,4.85
2025-09-24T08:00,1.17,3.58
2025-09-24T09:00,0.78,2.94
2025-09-24T10:00,0.45,2.04
2025-09-24T11:00,0.22,1.39
2025-09-24T12:00,0.05,0.68
2025-09-24T13:00,0.41,0.51
2025-09-24T14:00,1.10,1.26
2025-09-24T15:00,1.50,2.06
2025-09-24T16:00,1.65,2.45
2025-09-24T17:00,1.43,2.06
2025-09-24T18:00,1.89,2.76
2025-09-24T19:00,1.70,2.48
2025-09-24T20:00,1.79,2.66
2025-09-24T21:00,1.18,2.13
2025-09-24T22:00,1.70,2.85
2025-09-24T23:00,1.22,3.11
2025-09-25T00:00,1.42,3.70
2025-09-25T01:00,3.95,7.18
2025-09-25T02:00,1.86,4.35
2025-09-25T03:00,1.82,4.44
2025-09-25T04:00,2.28,5.41
2025-09-25T05:00,2.27,5.27
2025-09-25T06:00,2.04,4.98
2025-09-25T07:00,2.27,5.08
2025-09-25T08:00,3.31,6.84
2025-09-25T09:00,1.86,4.81
2025-09-25T10:00,1.55,3.72
2025-09-25T11:00,2.07,4.57
2025-09-25T12:00,2.46,5.11
2025-09-25T13:00,3.19,6.15
2025-09-25T14:00,3.11,5.81
2025-09-25T15:00,5.00,7.60
2025-09-25T16:00,5.12,7.90
2025-09-25T17:00,4.83,7.56
2025-09-25T18:00,4.69,7.09
2025-09-25T19:00,4.58,6.90
2025-09-25T20:00,4.50,7.10
2025-09-25T21:00,4.28,7.44
2025-09-25T22:00,3.91,7.15
2025-09-25T23:00,0.40,2.27
2025-09-26T00:00,2.37,5.33
2025-09-26T01:00,1.64,3.81
2025-09-26T02:00,2.24,4.68
2025-09-26T03:00,1.25,3.71
2025-09-26T04:00,1.13,3.07
2025-09-26T05:00,1.39,3.32
2025-09-26T06:00,1.91,4.16
2025-09-26T07:00,1.45,3.50
2025-09-26T08:00,1.69,3.74
2025-09-26T09:00,2.19,4.43
2025-09-26T10:00,2.33,4.76
2025-09-26T11:00,2.65,5.55
2025-09-26T12:00,2.76,5.14
2025-09-26T13:00,1.61,3.88
2025-09-26T14:00,1.54,2.36
2025-09-26T15:00,1.61,2.30
2025-09-26T16:00,1.10,1.51
2025-09-26T17:00,0.96,1.28
2025-09-26T18:00,1.59,2.16
2025-09-26T19:00,1.77,2.42
2025-09-26T20:00,1.81,2.46
2025-09-26T21:00,1.77,2.44
2025-09-26T22:00,0.92,2.06
2025-09-26T23:00,0.35,1.46
2025-09-27T00:00,0.51,1.76
2025-09-27T01:00,0.54,1.93
2025-09-27T02:00,1.21,3.36
2025-09-27T03:00,1.03,3.03
2025-09-27T04:00,1.02,2.81
2025-09-27T05:00,0.68,2.36
2025-09-27T06:00,0.85,2.09
2025-09-27T07:00,0.76,1.97
2025-09-27T08:00,0.88,1.06
2025-09-27T09:00,1.23,1.36
2025-09-27T10:00,1.24,2.59
2025-09-27T11:00,1.14,3.26
2025-09-27T12:00,1.69,3.68
2025-09-27T13:00,1.52,3.46
2025-09-27T14:00,1.48,3.66
2025-09-27T15:00,2.06,3.19
2025-09-27T16:00,2.07,3.11
2025-09-27T17:00,2.46,3.66
2025-09-27T18:00,1.93,2.98
2025-09-27T19:00,1.74,2.69
2025-09-27T20:00,1.80,2.78
2025-09-27T21:00,1.45,2.88
2025-09-27T22:00,2.11,4.12
2025-09-27T23:00,1.52,3.78
2025-09-28T00:00,1.84,4.36
2025-09-28T01:00,2.45,4.81
2025-09-28T02:00,2.09,4.72
2025-09-28T03:00,2.05,4.50
2025-09-28T04:00,2.02,4.12
2025-09-28T05:00,1.75,3.83
2025-09-28T06:00,2.06,4.14
2025-09-28T07:00,1.76,3.81
2025-09-28T08:00,1.90,4.16
2025-09-28T09:00,1.45,3.69
2025-09-28T10:00,1.39,3.42
2025-09-28T11:00,1.56,3.64
2025-09-28T12:00,2.05,3.79
2025-09-28T13:00,0.71,1.25
2025-09-28T14:00,0.61,0.84
2025-09-28T15:00,1.51,2.06
2025-09-28T16:00,1.71,2.36
2025-09-28T17:00,1.51,2.11
2025-09-28T18:00,0.78,1.12
2025-09-28T19:00,0.78,1.11
2025-09-28T20:00,0.95,1.28
2025-09-28T21:00,1.34,1.90
2025-09-28T22:00,1.11,2.34
2025-09-28T23:00,1.37,3.19
2025-09-29T00:00,1.36,2.75
2025-09-29T01:00,0.43,1.70
2025-09-29T02:00,1.39,3.00
2025-09-29T03:00,1.30,3.83
2025-09-29T04:00,0.90,3.07
2025-09-29T05:00,0.60,2.20
2025-09-29T06:00,0.43,1.54
2025-09-29T07:00,0.81,1.90
2025-09-29T08:00,1.41,3.17
2025-09-29T09:00,1.42,3.92
2025-09-29T10:00,1.77,4.74
2025-09-29T11:00,1.99,5.18
2025-09-29T12:00,2.15,4.95
2025-09-29T13:00,1.88,5.21
2025-09-29T14:00,1.65,3.15
2025-09-29T15:00,2.17,3.43
2025-09-29T16:00,2.11,3.25
2025-09-29T17:00,1.86,2.79
2025-09-29T18:00,1.52,2.28
2025-09-29T19:00,1.22,1.76
2025-09-29T20:00,1.35,2.09
2025-09-29T21:00,1.13,2.29
2025-09-29T22:00,0.99,2.55
2025-09-29T23:00,1.06,3.11
2025-09-30T00:00,1.13,2.95
2025-09-30T01:00,1.45,3.84
2025-09-30T02:00,1.13,3.56
2025-09-30T03:00,1.08,3.13
2025-09-30T04:00,1.47,3.51
2025-09-30T05:00,1.45,3.49
2025-09-30T06:00,1.52,3.59
2025-09-30T07:00,1.68,3.93
2025-09-30T08:00,2.09,4.54
2025-09-30T09:00,1.85,4.36
2025-09-30T10:00,1.67,3.99
2025-09-30T11:00,1.80,4.07
2025-09-30T12:00,1.15,3.21
2025-09-30T13:00,1.25,2.77
2025-09-30T14:00,1.49,2.88
2025-09-30T15:00,1.35,2.10
2025-09-30T16:00,1.48,2.21
2025-09-30T17:00,1.96,2.90
2025-09-30T18:00,2.47,3.94
2025-09-30T19:00,2.32,4.67
2025-09-30T20:00,2.85,5.01
2025-09-30T21:00,2.91,5.26
2025-09-30T22:00,2.47,5.47
2025-09-30T23:00,2.55,6.22
2025-10-01T00:00,3.26,7.03
2025-10-01T01:00,3.01,7.08
2025-10-01T02:00,2.79,6.78
2025-10-01T03:00,2.80,6.75
2025-10-01T04:00,3.01,6.97
2025-10-01T05:00,3.12,7.21
2025-10-01T06:00,2.89,6.49
2025-10-01T07:00,3.38,7.28
2025-10-01T08:00,3.64,7.54
2025-10-01T09:00,3.60,7.56
2025-10-01T10:00,3.42,7.26
2025-10-01T11:00,3.20,6.98
2025-10-01T12:00,3.42,6.76
2025-10-01T13:00,3.31,6.04
2025-10-01T14:00,3.88,6.01
2025-10-01T15:00,3.57,5.27
2025-10-01T16:00,3.25,4.67
2025-10-01T17:00,3.02,4.26
2025-10-01T18:00,2.39,3.30
2025-10-01T19:00,2.44,3.49
2025-10-01T20:00,2.66,3.78
2025-10-01T21:00,2.51,3.76
2025-10-01T22:00,1.67,3.61
2025-10-01T23:00,1.39,3.81
2025-10-02T00:00,1.13,3.17
2025-10-02T01:00,0.90,3.01
2025-10-02T02:00,0.94,3.12
2025-10-02T03:00,0.67,3.07
2025-10-02T04:00,0.20,2.13
2025-10-02T05:00,0.20,1.33
2025-10-02T06:00,0.07,1.23
2025-10-02T07:00,0.18,0.62
2025-10-02T08:00,0.57,1.03
2025-10-02T09:00,0.54,0.79
2025-10-02T10:00,0.45,0.38
2025-10-02T11:00,0.55,0.45
2025-10-02T12:00,1.74,2.32
2025-10-02T13:00,0.96,2.71
2025-10-02T14:00,1.16,1.72
2025-10-02T15:00,1.30,1.81
2025-10-02T16:00,1.95,2.72
2025-10-02T17:00,2.01,2.75
2025-10-02T18:00,2.04,2.80
2025-10-02T19:00,2.42,3.33
2025-10-02T20:00,2.46,3.47
2025-10-02T21:00,2.11,3.05
2025-10-02T22:00,1.43,2.99
2025-10-02T23:00,1.71,4.39
2025-10-03T00:00,1.90,4.62
2025-10-03T01:00,2.00,5.10
2025-10-03T02:00,2.14,5.24
2025-10-03T03:00,1.90,4.91
2025-10-03T04:00,1.52,4.45
2025-10-03T05:00,1.45,4.27
2025-10-03T06:00,1.24,3.84
2025-10-03T07:00,1.06,3.20
2025-10-03T08:00,0.80,2.34
2025-10-03T09:00,0.67,1.92
2025-10-03T10:00,0.68,1.80
2025-10-03T11:00,0.38,1.40
2025-10-03T12:00,0.71,1.01
2025-10-03T13:00,0.40,1.27
2025-10-03T14:00,0.40,0.63
2025-10-03T15:00,0.95,1.31
2025-10-03T16:00,1.31,1.75
2025-10-03T17:00,1.29,1.74
2025-10-03T18:00,1.27,1.66
2025-10-03T19:00,1.14,1.53
2025-10-03T20:00,1.15,1.58
2025-10-03T21:00,1.07,1.56
2025-10-03T22:00,0.66,1.65
2025-10-03T23:00,0.76,2.40
2025-10-04T00:00,1.52,3.90
2025-10-04T01:00,1.38,3.81
2025-10-04T02:00,1.35,3.83
2025-10-04T03:00,1.46,4.32
2025-10-04T04:00,1.55,4.60
2025-10-04T05:00,1.57,4.61
2025-10-04T06:00,1.41,4.10
2025-10-04T07:00,1.36,4.05
2025-10-04T08:00,1.26,3.86
2025-10-04T09:00,1.25,3.78
2025-10-04T10:00,1.16,3.42
2025-10-04T11:00,1.07,3.11
2025-10-04T12:00,1.66,3.54
2025-10-04T13:00,1.01,3.80
2025-10-04T14:00,0.65,1.48
2025-10-04T15:00,0.68,1.05
2025-10-04T16:00,0.74,1.03
2025-10-04T17:00,0.81,1.04
2025-10-04T18:00,0.78,1.00
2025-10-04T19:00,0.82,1.03
2025-10-04T20:00,1.13,1.49
2025-10-04T21:00,1.16,1.54
2025-10-04T22:00,0.85,2.04
2025-10-04T23:00,1.27,2.59
2025-10-05T00:00,1.95,5.06
2025-10-05T01:00,1.72,4.84
2025-10-05T02:00,1.79,5.12
2025-10-05T03:00,1.81,5.12
2025-10-05T04:00,1.54,4.66
2025-10-05T05:00,1.39,4.15
2025-10-05T06:00,1.25,3.67
2025-10-05T07:00,1.19,3.40
2025-10-05T08:00,1.05,3.15
2025-10-05T09:00,0.65,2.56
2025-10-05T10:00,0.56,2.21
2025-10-05T11:00,0.52,2.02
2025-10-05T12:00,1.39,2.57
2025-10-05T13:00,0.74,2.53
2025-10-05T14:00,0.40,1.17
2025-10-05T15:00,0.81,1.10
2025-10-05T16:00,1.19,1.61
2025-10-05T17:00,1.49,2.08
2025-10-05T18:00,1.64,2.22
2025-10-05T19:00,1.52,2.10
2025-10-05T20:00,1.66,2.31
2025-10-05T21:00,1.88,2.69
2025-10-05T22:00,1.75,3.89
2025-10-05T23:00,2.17,5.35
2025-10-06T00:00,2.06,5.24
2025-10-06T01:00,1.81,5.05
2025-10-06T02:00,2.08,5.27
2025-10-06T03:00,2.00,5.10
2025-10-06T04:00,1.95,5.07
2025-10-06T05:00,1.80,4.89
2025-10-06T06:00,1.89,4.78
2025-10-06T07:00,1.76,4.63
2025-10-06T08:00,1.86,4.71
2025-10-06T09:00,1.70,4.62
2025-10-06T10:00,1.79,4.79
2025-10-06T11:00,1.61,4.52
2025-10-06T12:00,1.93,4.16
2025-10-06T13:00,1.11,3.74
2025-10-06T14:00,1.10,1.82
2025-10-06T15:00,1.35,1.97
2025-10-06T16:00,1.76,2.49
2025-10-06T17:00,2.31,3.27
2025-10-06T18:00,2.47,3.42
2025-10-06T19:00,2.26,3.18
2025-10-06T20:00,2.33,3.23
2025-10-06T21:00,2.92,4.24
2025-10-06T22:00,2.60,4.60
2025-10-06T23:00,2.77,5.81
2025-10-07T00:00,3.20,6.56
2025-10-07T01:00,2.65,5.90
2025-10-07T02:00,2.43,5.55
2025-10-07T03:00,2.71,6.00
2025-10-07T04:00,2.96,6.38
2025-10-07T05:00,2.88,6.23
2025-10-07T06:00,3.11,6.25
2025-10-07T07:00,3.01,6.20
2025-10-07T08:00,3.03,6.26
2025-10-07T09:00,2.98,6.26
2025-10-07T10:00,3.08,6.33
2025-10-07T11:00,3.03,6.36
2025-10-07T12:00,2.91,6.36
2025-10-07T13:00,2.85,5.22
2025-10-07T14:00,2.66,4.05
2025-10-07T15:00,3.13,4.66
2025-10-07T16:00,3.98,5.90
2025-10-07T17:00,5.17,7.57
2025-10-07T18:00,6.37,9.49
2025-10-07T19:00,5.79,8.77
2025-10-07T20:00,5.03,7.72
2025-10-07T21:00,4.97,7.64
2025-10-07T22:00,4.28,7.32
2025-10-07T23:00,3.74,6.91
2025-10-08T00:00,3.90,6.96
2025-10-08T01:00,3.66,6.80
2025-10-08T02:00,3.40,6.42
2025-10-08T03:00,4.14,7.56
2025-10-08T04:00,3.52,6.66
2025-10-08T05:00,3.26,6.17
2025-10-08T06:00,3.45,6.43
2025-10-08T07:00,3.42,6.47
2025-10-08T08:00,3.54,6.66
2025-10-08T09:00,4.09,7.44
2025-10-08T10:00,4.21,7.67
2025-10-08T11:00,3.55,6.64
2025-10-08T12:00,2.55,4.95
2025-10-08T13:00,2.76,4.89
2025-10-08T14:00,2.91,4.66
2025-10-08T15:00,5.19,7.86
2025-10-08T16:00,5.85,8.96
2025-10-08T17:00,5.92,9.04
2025-10-08T18:00,5.20,7.95
2025-10-08T19:00,5.28,8.03
2025-10-08T20:00,4.75,7.20
2025-10-08T21:00,4.78,7.05
2025-10-08T22:00,3.63,6.67
2025-10-08T23:00,3.26,6.78
2025-10-09T00:00,2.99,6.26
2025-10-09T01:00,1.88,5.17
2025-10-09T02:00,2.40,6.00
2025-10-09T03:00,2.33,5.86
2025-10-09T04:00,2.73,6.28
2025-10-09T05:00,3.74,7.74
2025-10-09T06:00,3.48,6.95
2025-10-09T07:00,2.95,6.41
2025-10-09T08:00,2.95,6.38
2025-10-09T09:00,3.01,6.46
2025-10-09T10:00,3.21,6.82
2025-10-09T11:00,3.31,6.90
2025-10-09T12:00,2.82,5.69
2025-10-09T13:00,2.62,4.51
2025-10-09T14:00,3.48,5.29
2025-10-09T15:00,3.51,5.19
2025-10-09T16:00,3.07,4.37
2025-10-09T17:00,2.53,3.60
2025-10-09T18:00,1.77,2.39
2025-10-09T19:00,1.65,2.34
2025-10-09T20:00,1.81,2.59
2025-10-09T21:00,2.27,3.19
2025-10-09T22:00,2.14,3.86
2025-10-09T23:00,1.84,4.57
2025-10-10T00:00,1.63,4.46
2025-10-10T01:00,1.74,4.75
2025-10-10T02:00,2.04,5.27
2025-10-10T03:00,2.17,5.59
2025-10-10T04:00,2.14,5.44
2025-10-10T05:00,2.03,5.30
2025-10-10T06:00,2.06,4.81
2025-10-10T07:00,1.82,4.79
2025-10-10T08:00,1.88,4.92
2025-10-10T09:00,1.82,4.89
2025-10-10T10:00,1.93,4.99
2025-10-10T11:00,2.18,5.24
2025-10-10T12:00,2.09,4.45
2025-10-10T13:00,1.70,4.49
2025-10-10T14:00,1.89,2.95
2025-10-10T15:00,3.23,4.64
2025-10-10T16:00,3.22,4.61
2025-10-10T17:00,3.68,5.20
2025-10-10T18:00,3.26,4.56
2025-10-10T19:00,3.32,4.74
2025-10-10T20:00,3.38,4.87
2025-10-10T21:00,3.09,4.51
2025-10-10T22:00,2.37,4.07
2025-10-10T23:00,2.64,5.23
2025-10-11T00:00,2.64,5.48
2025-10-11T01:00,1.88,4.86
2025-10-11T02:00,1.52,4.54
2025-10-11T03:00,1.27,4.03
2025-10-11T04:00,1.21,3.65
2025-10-11T05:00,1.13,3.37
2025-10-11T06:00,0.78,2.55
2025-10-11T07:00,0.81,1.71
2025-10-11T08:00,1.30,1.75
2025-10-11T09:00,1.35,2.21
2025-10-11T10:00,1.69,3.15
2025-10-11T11:00,1.87,3.85
2025-10-11T12:00,2.01,4.07
2025-10-11T13:00,2.29,5.22
2025-10-11T14:00,2.10,5.93
2025-10-11T15:00,2.38,3.76
2025-10-11T16:00,2.27,3.37
2025-10-11T17:00,2.86,4.01
2025-10-11T18:00,2.54,3.48
2025-10-11T19:00,2.28,3.21
2025-10-11T20:00,2.56,3.62
2025-10-11T21:00,2.67,3.98
2025-10-11T22:00,1.92,3.34
2025-10-11T23:00,2.88,5.48
2025-10-12T00:00,3.01,5.54
2025-10-12T01:00,2.65,4.67
2025-10-12T02:00,2.60,5.06
2025-10-12T03:00,3.22,6.15
2025-10-12T04:00,3.59,6.69
2025-10-12T05:00,3.89,7.22
2025-10-12T06:00,4.13,7.53
2025-10-12T07:00,4.84,8.42
2025-10-12T08:00,5.21,9.00
2025-10-12T09:00,5.54,9.54
2025-10-12T10:00,5.56,9.67
2025-10-12T11:00,5.55,9.68
2025-10-12T12:00,5.57,9.58
2025-10-12T13:00,5.33,8.96
2025-10-12T14:00,4.30,7.30
2025-10-12T15:00,5.42,8.78
2025-10-12T16:00,6.37,10.25
2025-10-12T17:00,6.63,10.27
2025-10-12T18:00,5.53,8.67
2025-10-12T19:00,5.40,8.62
2025-10-12T20:00,5.31,8.70
2025-10-12T21:00,5.08,8.62
2025-10-12T22:00,5.41,9.40
2025-10-12T23:00,4.84,8.53
2025-10-13T00:00,5.04,8.61
2025-10-13T01:00,5.26,9.02
2025-10-13T02:00,5.27,9.07
2025-10-13T03:00,5.12,8.90
2025-10-13T04:00,4.82,8.43
2025-10-13T05:00,4.75,8.42
2025-10-13T06:00,4.95,8.60
2025-10-13T07:00,4.90,8.52
2025-10-13T08:00,5.05,8.81
2025-10-13T09:00,5.20,9.06
2025-10-13T10:00,5.05,8.86
2025-10-13T11:00,4.77,8.50
2025-10-13T12:00,4.66,8.05
2025-10-13T13:00,4.44,7.76
2025-10-13T14:00,4.54,7.49
2025-10-13T15:00,5.25,8.48
2025-10-13T16:00,6.29,9.87
2025-10-13T17:00,5.65,8.85
2025-10-13T18:00,4.89,7.81
2025-10-13T19:00,5.17,8.31
2025-10-13T20:00,5.18,8.46
2025-10-13T21:00,5.64,9.61
2025-10-13T22:00,5.63,9.68
2025-10-13T23:00,5.47,9.52
2025-10-14T00:00,5.99,10.50
2025-10-14T01:00,5.73,9.85
2025-10-14T02:00,5.27,9.11
2025-10-14T03:00,5.19,9.03
2025-10-14T04:00,4.97,8.70
2025-10-14T05:00,4.84,8.52
2025-10-14T06:00,4.73,8.32
2025-10-14T07:00,4.49,7.96
2025-10-14T08:00,4.46,7.92
2025-10-14T09:00,4.70,8.34
2025-10-14T10:00,4.91,8.71
2025-10-14T11:00,4.11,7.50
2025-10-14T12:00,4.61,8.09
2025-10-14T13:00,4.06,7.23
2025-10-14T14:00,5.10,7.70
2025-10-14T15:00,5.06,7.70
2025-10-14T16:00,4.86,7.26
2025-10-14T17:00,4.96,7.46
2025-10-14T18:00,5.24,7.86
2025-10-14T19:00,5.14,7.86
2025-10-14T20:00,5.28,8.35
2025-10-14T21:00,4.22,6.91
2025-10-14T22:00,3.68,6.80
2025-10-14T23:00,3.52,6.88
2025-10-15T00:00,3.99,7.53
2025-10-15T01:00,3.73,7.35
2025-10-15T02:00,3.22,6.63
2025-10-15T03:00,2.87,6.25
2025-10-15T04:00,2.80,6.25
2025-10-15T05:00,2.95,6.34
2025-10-15T06:00,3.30,6.69
2025-10-15T07:00,3.68,7.50
2025-10-15T08:00,3.66,7.50
2025-10-15T09:00,3.38,7.12
2025-10-15T10:00,2.93,6.41
2025-10-15T11:00,3.22,6.89
2025-10-15T12:00,3.37,6.86
2025-10-15T13:00,2.90,8.10
2025-10-15T14:00,2.93,4.89
2025-10-15T15:00,3.65,5.52
2025-10-15T16:00,3.62,5.32
2025-10-15T17:00,3.72,5.44
2025-10-15T18:00,3.73,5.40
2025-10-15T19:00,3.45,5.04
2025-10-15T20:00,3.47,5.28
2025-10-15T21:00,3.22,5.55
2025-10-15T22:00,2.67,5.64
2025-10-15T23:00,2.04,5.33
2025-10-16T00:00,3.02,6.60
2025-10-16T01:00,2.86,6.74
2025-10-16T02:00,2.75,6.64
2025-10-16T03:00,3.04,6.92
2025-10-16T04:00,2.87,6.57
2025-10-16T05:00,3.31,6.94
2025-10-16T06:00,3.76,7.38
2025-10-16T07:00,3.57,7.06
2025-10-16T08:00,3.16,6.45
2025-10-16T09:00,2.95,6.22
2025-10-16T10:00,2.87,6.17
2025-10-16T11:00,2.82,6.22
2025-10-16T12:00,3.05,6.25
2025-10-16T13:00,2.52,6.03
2025-10-16T14:00,3.67,5.70
2025-10-16T15:00,4.39,6.56
2025-10-16T16:00,4.60,6.82
2025-10-16T17:00,4.79,7.10
2025-10-16T18:00,4.60,6.79
2025-10-16T19:00,4.67,7.05
2025-10-16T20:00,4.46,6.84
2025-10-16T21:00,3.86,6.50
2025-10-16T22:00,3.21,6.42
2025-10-16T23:00,2.66,6.41
2025-10-17T00:00,2.43,5.96
2025-10-17T01:00,2.46,6.31
2025-10-17T02:00,2.78,6.82
2025-10-17T03:00,2.70,6.50
2025-10-17T04:00,3.00,7.00
2025-10-17T05:00,3.25,7.09
2025-10-17T06:00,3.48,7.25
2025-10-17T07:00,3.31,7.23
2025-10-17T08:00,3.18,7.02
2025-10-17T09:00,3.15,6.96
2025-10-17T10:00,2.91,6.55
2025-10-17T11:00,2.90,6.64
2025-10-17T12:00,2.80,5.93
2025-10-17T13:00,2.35,6.37
2025-10-17T14:00,2.21,3.64
2025-10-17T15:00,2.83,4.21
2025-10-17T16:00,3.03,4.39
2025-10-17T17:00,2.79,3.94
2025-10-17T18:00,2.26,3.15
2025-10-17T19:00,2.18,3.09
2025-10-17T20:00,2.34,3.36
2025-10-17T21:00,2.22,3.41
2025-10-17T22:00,1.08,2.85
2025-10-17T23:00,1.45,3.23
2025-10-18T00:00,1.33,3.05
2025-10-18T01:00,0.40,1.32
2025-10-18T02:00,0.25,0.43
2025-10-18T03:00,0.85,1.88
2025-10-18T04:00,1.39,3.80
2025-10-18T05:00,1.42,4.11
2025-10-18T06:00,1.41,4.14
2025-10-18T07:00,1.46,4.37
2025-10-18T08:00,1.25,3.67
2025-10-18T09:00,1.27,3.95
2025-10-18T10:00,1.01,3.22
2025-10-18T11:00,1.10,3.16
2025-10-18T12:00,1.81,4.56
2025-10-18T13:00,1.66,4.34
2025-10-18T14:00,0.82,3.44
2025-10-18T15:00,1.11,1.80
2025-10-18T16:00,1.48,2.15
2025-10-18T17:00,2.01,2.87
2025-10-18T18:00,2.04,2.89
2025-10-18T19:00,1.95,2.82
2025-10-18T20:00,2.50,3.65
2025-10-18T21:00,2.86,4.60
2025-10-18T22:00,1.88,4.85
2025-10-18T23:00,1.76,4.98
2025-10-19T00:00,2.41,5.69
2025-10-19T01:00,2.27,5.57
2025-10-19T02:00,2.51,6.11
2025-10-19T03:00,2.45,6.09
2025-10-19T04:00,2.09,5.51
2025-10-19T05:00,2.30,5.75
2025-10-19T06:00,2.27,5.65
2025-10-19T07:00,2.36,5.86
2025-10-19T08:00,2.74,6.50
2025-10-19T09:00,3.07,6.85
2025-10-19T10:00,3.00,6.70
2025-10-19T11:00,3.21,7.06
2025-10-19T12:00,3.50,7.24
2025-10-19T13:00,3.16,8.52
2025-10-19T14:00,3.28,5.70
2025-10-19T15:00,4.20,6.40
2025-10-19T16:00,4.61,6.96
2025-10-19T17:00,5.45,8.26
2025-10-19T18:00,6.21,9.56
2025-10-19T19:00,5.99,9.23
2025-10-19T20:00,6.68,10.48
2025-10-19T21:00,5.76,9.58
2025-10-19T22:00,4.75,8.57
2025-10-19T23:00,5.35,9.58
2025-10-20T00:00,5.87,10.23
2025-10-20T01:00,5.65,10.00
2025-10-20T02:00,5.61,9.84
2025-10-20T03:00,5.59,9.61
2025-10-20T04:00,4.84,8.29
2025-10-20T05:00,4.26,7.47
2025-10-20T06:00,3.09,5.60
2025-10-20T07:00,3.22,5.66
2025-10-20T08:00,4.79,8.31
2025-10-20T09:00,4.76,8.35
2025-10-20T10:00,5.32,9.40
2025-10-20T11:00,5.39,9.56
2025-10-20T12:00,5.03,8.64
2025-10-20T13:00,4.07,7.30
2025-10-20T14:00,5.20,8.06
2025-10-20T15:00,6.08,9.29
2025-10-20T16:00,7.18,10.98
2025-10-20T17:00,6.97,10.61
2025-10-20T18:00,6.55,9.82
2025-10-20T19:00,5.91,8.98
2025-10-20T20:00,5.54,8.61
2025-10-20T21:00,4.05,6.93
2025-10-20T22:00,4.11,7.60
2025-10-20T23:00,2.95,6.55
2025-10-21T00:00,2.10,5.42
2025-10-21T01:00,1.51,4.44
2025-10-21T02:00,1.46,4.07
2025-10-21T03:00,1.20,3.17
2025-10-21T04:00,1.11,2.33
2025-10-21T05:00,0.96,2.26
2025-10-21T06:00,0.92,2.61
2025-10-21T07:00,1.17,2.60
2025-10-21T08:00,1.20,2.93
2025-10-21T09:00,0.91,2.51
2025-10-21T10:00,0.81,2.19
2025-10-21T11:00,0.74,2.88
2025-10-21T12:00,2.21,5.45
2025-10-21T13:00,1.40,5.36
2025-10-21T14:00,1.60,3.51
2025-10-21T15:00,1.87,2.95
2025-10-21T16:00,2.33,3.47
2025-10-21T17:00,2.55,3.70
2025-10-21T18:00,2.45,3.50
2025-10-21T19:00,2.58,3.78
2025-10-21T20:00,3.01,4.55
2025-10-21T21:00,2.74,5.09
2025-10-21T22:00,2.29,5.45
2025-10-21T23:00,3.31,7.28
2025-10-22T00:00,2.74,6.45
2025-10-22T01:00,3.75,7.21
2025-10-22T02:00,2.33,4.41
2025-10-22T03:00,1.43,4.07
2025-10-22T04:00,2.49,5.30
2025-10-22T05:00,2.33,5.12
2025-10-22T06:00,1.86,3.98
2025-10-22T07:00,1.77,4.00
2025-10-22T08:00,1.60,4.00
2025-10-22T09:00,2.95,6.25
2025-10-22T10:00,3.00,6.53
2025-10-22T11:00,2.39,5.64
2025-10-22T12:00,2.21,4.82
2025-10-22T13:00,1.35,3.85
2025-10-22T14:00,1.36,2.05
2025-10-22T15:00,2.51,3.61
2025-10-22T16:00,4.62,6.89
2025-10-22T17:00,5.51,8.16
2025-10-22T18:00,4.39,6.36
2025-10-22T19:00,4.31,6.36
2025-10-22T20:00,4.05,6.14
2025-10-22T21:00,2.28,4.23
2025-10-22T22:00,2.89,5.80
2025-10-22T23:00,4.18,7.72
2025-10-23T00:00,1.87,4.36
2025-10-23T01:00,1.36,3.76
2025-10-23T02:00,1.30,3.87
2025-10-23T03:00,1.50,4.75
2025-10-23T04:00,1.77,4.89
2025-10-23T05:00,2.15,5.49
2025-10-23T06:00,0.93,2.51
2025-10-23T07:00,1.55,3.93
2025-10-23T08:00,1.91,4.21
2025-10-23T09:00,1.74,4.56
2025-10-23T10:00,2.70,6.31
2025-10-23T11:00,3.13,6.94
2025-10-23T12:00,2.30,5.06
2025-10-23T13:00,2.47,6.51
2025-10-23T14:00,2.07,3.49
2025-10-23T15:00,4.63,6.80
2025-10-23T16:00,5.10,7.45
2025-10-23T17:00,4.83,7.09
2025-10-23T18:00,4.94,7.26
2025-10-23T19:00,4.86,7.20
2025-10-23T20:00,4.62,6.98
2025-10-23T21:00,4.90,7.60
2025-10-23T22:00,4.34,7.48
2025-10-23T23:00,3.75,7.08
2025-10-24T00:00,3.56,6.80
2025-10-24T01:00,3.19,6.47
2025-10-24T02:00,3.76,7.41
2025-10-24T03:00,4.55,8.53
2025-10-24T04:00,3.61,7.25
2025-10-24T05:00,2.46,5.65
2025-10-24T06:00,2.20,5.14
2025-10-24T07:00,2.19,5.48
2025-10-24T08:00,1.97,5.28
2025-10-24T09:00,1.70,4.96
2025-10-24T10:00,1.75,4.91
2025-10-24T11:00,1.70,4.86
2025-10-24T12:00,1.95,4.83
2025-10-24T13:00,1.78,4.84
2025-10-24T14:00,1.45,2.80
2025-10-24T15:00,2.67,4.03
2025-10-24T16:00,4.38,6.33
2025-10-24T17:00,4.59,6.73
2025-10-24T18:00,4.38,6.44
2025-10-24T19:00,4.34,6.44
2025-10-24T20:00,4.55,6.83
2025-10-24T21:00,4.40,6.75
2025-10-24T22:00,2.93,5.16
2025-10-24T23:00,2.21,4.55
2025-10-25T00:00,2.24,5.06
2025-10-25T01:00,2.60,5.84
2025-10-25T02:00,2.80,6.17
2025-10-25T03:00,2.73,6.19
2025-10-25T04:00,2.68,6.10
2025-10-25T05:00,2.73,6.18
2025-10-25T06:00,3.04,6.29
2025-10-25T07:00,3.04,6.58
2025-10-25T08:00,3.04,6.54
2025-10-25T09:00,3.08,6.61
2025-10-25T10:00,2.98,6.50
2025-10-25T11:00,2.73,6.01
2025-10-25T12:00,2.35,5.07
2025-10-25T13:00,1.98,4.95
2025-10-25T14:00,1.04,2.59
2025-10-25T15:00,1.10,1.66
2025-10-25T16:00,0.99,1.45
2025-10-25T17:00,0.90,1.30
2025-10-25T18:00,0.74,1.00
2025-10-25T19:00,0.96,1.35
2025-10-25T20:00,1.03,1.42
2025-10-25T21:00,1.27,1.77
2025-10-25T22:00,0.64,1.80
2025-10-25T23:00,0.72,1.99
2025-10-26T00:00,1.15,2.93
2025-10-26T01:00,1.42,3.85
2025-10-26T02:00,1.05,3.08
2025-10-26T03:00,0.47,2.32
2025-10-26T04:00,0.21,1.52
2025-10-26T05:00,0.36,1.03
2025-10-26T06:00,0.53,0.57
2025-10-26T07:00,0.89,0.97
2025-10-26T08:00,1.18,1.70
2025-10-26T09:00,1.31,1.96
2025-10-26T10:00,1.43,2.17
2025-10-26T11:00,1.59,2.77
2025-10-26T12:00,1.48,2.66
2025-10-26T13:00,1.40,2.80
2025-10-26T14:00,0.73,2.84
2025-10-26T15:00,0.96,1.45
2025-10-26T16:00,0.78,1.03
2025-10-26T17:00,0.78,1.01
2025-10-26T18:00,0.94,1.23
2025-10-26T19:00,0.85,1.20
2025-10-26T20:00,0.40,0.60
2025-10-26T21:00,0.49,0.63
2025-10-26T22:00,1.10,2.28
2025-10-26T23:00,0.25,1.77
2025-10-27T00:00,1.12,2.65
2025-10-27T01:00,0.50,1.97
2025-10-27T02:00,0.49,2.06
2025-10-27T03:00,0.11,1.68
2025-10-27T04:00,0.83,1.42
2025-10-27T05:00,1.45,3.51
2025-10-27T06:00,1.17,2.06
2025-10-27T07:00,1.23,2.21
2025-10-27T08:00,0.92,1.65
2025-10-27T09:00,1.03,2.79
2025-10-27T10:00,1.54,3.57
2025-10-27T11:00,2.16,5.20
2025-10-27T12:00,2.19,5.02
2025-10-27T13:00,2.27,5.85
2025-10-27T14:00,2.11,3.83
2025-10-27T15:00,2.27,3.41
2025-10-27T16:00,2.33,3.32
2025-10-27T17:00,2.98,4.24
2025-10-27T18:00,3.07,4.30
2025-10-27T19:00,2.85,3.97
2025-10-27T20:00,3.47,4.93
2025-10-27T21:00,3.33,5.01
2025-10-27T22:00,2.14,4.56
2025-10-27T23:00,1.53,4.23
2025-10-28T00:00,1.71,4.83
2025-10-28T01:00,2.21,5.55
2025-10-28T02:00,2.48,5.83
2025-10-28T03:00,2.74,6.09
2025-10-28T04:00,3.00,6.34
2025-10-28T05:00,3.02,6.28
2025-10-28T06:00,3.33,6.73
2025-10-28T07:00,3.33,6.67
2025-10-28T08:00,3.33,6.67
2025-10-28T09:00,3.65,7.32
2025-10-28T10:00,4.37,8.49
2025-10-28T11:00,4.22,8.35
2025-10-28T12:00,4.18,8.06
2025-10-28T13:00,3.42,8.52
2025-10-28T14:00,4.57,7.38
2025-10-28T15:00,5.16,7.92
2025-10-28T16:00,5.32,8.05
2025-10-28T17:00,5.76,8.61
2025-10-28T18:00,5.70,8.75
2025-10-28T19:00,5.37,8.16
2025-10-28T20:00,4.81,7.66
2025-10-28T21:00,4.58,7.42
2025-10-28T22:00,3.55,6.22
2025-10-28T23:00,3.34,6.30
2025-10-29T00:00,3.80,6.67
2025-10-29T01:00,3.77,6.73
2025-10-29T02:00,3.78,6.84
2025-10-29T03:00,3.54,6.51
2025-10-29T04:00,3.24,6.33
2025-10-29T05:00,3.07,6.33
2025-10-29T06:00,3.13,6.13
2025-10-29T07:00,3.06,6.27
2025-10-29T08:00,3.29,6.79
2025-10-29T09:00,3.34,6.91
2025-10-29T10:00,3.19,6.72
2025-10-29T11:00,3.12,6.51
2025-10-29T12:00,3.11,5.91
2025-10-29T13:00,2.83,5.24
2025-10-29T14:00,2.66,4.35
2025-10-29T15:00,2.58,4.00
2025-10-29T16:00,2.89,4.33
2025-10-29T17:00,2.93,4.45
2025-10-29T18:00,2.82,4.03
2025-10-29T19:00,4.28,6.27
2025-10-29T20:00,2.91,4.52
2025-10-29T21:00,2.88,4.70
2025-10-29T22:00,3.21,6.02
2025-10-29T23:00,4.26,7.56
2025-10-30T00:00,3.93,7.07
2025-10-30T01:00,4.68,8.24
2025-10-30T02:00,5.05,8.87
2025-10-30T03:00,5.34,9.38
2025-10-30T04:00,5.18,8.99
2025-10-30T05:00,4.25,7.69
2025-10-30T06:00,5.98,10.28
2025-10-30T07:00,2.73,5.77
2025-10-30T08:00,2.82,5.99
2025-10-30T09:00,4.96,9.12
2025-10-30T10:00,3.47,6.90
2025-10-30T11:00,3.07,6.36
2025-10-30T12:00,6.66,11.36
2025-10-30T13:00,2.47,5.11
2025-10-30T14:00,2.46,5.31
2025-10-30T15:00,3.65,5.95
2025-10-30T16:00,3.77,5.68
2025-10-30T17:00,4.56,6.85
2025-10-30T18:00,3.77,5.49
2025-10-30T19:00,3.43,4.99
2025-10-30T20:00,3.80,5.46
2025-10-30T21:00,3.09,5.43
2025-10-30T22:00,2.53,5.61
2025-10-30T23:00,2.55,5.66
2025-10-31T00:00,2.20,4.94
2025-10-31T01:00,2.29,5.24
2025-10-31T02:00,2.32,5.64
2025-10-31T03:00,2.96,6.75
2025-10-31T04:00,3.49,7.47
2025-10-31T05:00,4.03,7.98
2025-10-31T06:00,4.29,8.25
2025-10-31T07:00,4.85,9.03
2025-10-31T08:00,5.46,9.75
2025-10-31T09:00,6.20,10.81
2025-10-31T10:00,6.30,11.03
2025-10-31T11:00,6.03,10.51
2025-10-31T12:00,5.10,9.00
2025-10-31T13:00,6.20,10.63
2025-10-31T14:00,6.25,10.12
2025-10-31T15:00,8.26,12.69
2025-10-31T16:00,8.05,12.78
2025-10-31T17:00,8.45,13.34
2025-10-31T18:00,7.14,11.23
2025-10-31T19:00,6.95,11.03
2025-10-31T20:00,7.12,11.58
2025-10-31T21:00,6.61,11.14
2025-10-31T22:00,5.56,9.89
2025-10-31T23:00,5.55,10.08
2025-11-01T00:00,5.30,9.54
2025-11-01T01:00,5.22,9.48
2025-11-01T02:00,4.96,9.22
2025-11-01T03:00,4.76,8.83
2025-11-01T04:00,4.00,7.81
2025-11-01T05:00,3.45,7.15
2025-11-01T06:00,2.89,6.26
2025-11-01T07:00,3.00,6.60
2025-11-01T08:00,3.00,6.80
2025-11-01T09:00,2.85,6.56
2025-11-01T10:00,2.58,6.12
2025-11-01T11:00,2.78,6.49
2025-11-01T12:00,3.25,6.99
2025-11-01T13:00,3.38,7.36
2025-11-01T14:00,2.24,4.97
2025-11-01T15:00,2.27,3.72
2025-11-01T16:00,3.61,5.35
2025-11-01T17:00,3.75,5.58
2025-11-01T18:00,4.95,7.31
2025-11-01T19:00,4.64,6.84
2025-11-01T20:00,3.58,6.02
2025-11-01T21:00,1.84,4.19
2025-11-01T22:00,1.15,3.56
2025-11-01T23:00,0.85,3.38
2025-11-02T00:00,1.41,3.25
2025-11-02T01:00,1.40,3.79
2025-11-02T02:00,1.53,4.42
2025-11-02T03:00,1.63,4.66
2025-11-02T04:00,1.87,4.99
2025-11-02T05:00,1.77,4.99
2025-11-02T06:00,1.63,4.70
2025-11-02T07:00,1.60,4.61
2025-11-02T08:00,1.39,4.16
2025-11-02T09:00,1.21,3.28
2025-11-02T10:00,0.94,2.56
2025-11-02T11:00,1.14,2.98
2025-11-02T12:00,0.81,2.80
2025-11-02T13:00,1.25,2.35
2025-11-02T14:00,0.47,1.94
2025-11-02T15:00,0.52,0.96
2025-11-02T16:00,0.75,1.15
2025-11-02T17:00,1.38,2.03
2025-11-02T18:00,1.50,2.06
2025-11-02T19:00,1.33,1.86
2025-11-02T20:00,1.46,2.09
2025-11-02T21:00,1.50,3.30
2025-11-02T22:00,2.10,5.14
2025-11-02T23:00,1.87,5.02
2025-11-03T00:00,1.50,4.47
2025-11-03T01:00,1.27,3.98
2025-11-03T02:00,1.27,3.82
2025-11-03T03:00,1.23,3.78
2025-11-03T04:00,1.38,4.26
2025-11-03T05:00,1.08,3.60
2025-11-03T06:00,1.11,3.34
2025-11-03T07:00,0.81,2.34
2025-11-03T08:00,1.17,2.46
2025-11-03T09:00,1.01,2.51
2025-11-03T10:00,0.82,1.94
2025-11-03T11:00,1.49,2.80
2025-11-03T12:00,1.01,2.63
2025-11-03T13:00,1.33,2.27
2025-11-03T14:00,1.00,1.56
2025-11-03T15:00,0.39,0.54
2025-11-03T16:00,0.61,0.83
2025-11-03T17:00,2.25,3.20
2025-11-03T18:00,1.43,2.04
2025-11-03T19:00,2.14,3.11
2025-11-03T20:00,2.20,3.25
2025-11-03T21:00,1.44,3.35
2025-11-03T22:00,1.99,5.22
2025-11-03T23:00,5.24,9.81
2025-11-04T00:00,4.32,8.33
2025-11-04T01:00,4.93,9.32
2025-11-04T02:00,4.99,9.32
2025-11-04T03:00,4.65,8.88
2025-11-04T04:00,5.09,9.56
2025-11-04T05:00,5.28,9.66
2025-11-04T06:00,5.21,9.47
2025-11-04T07:00,4.88,9.13
2025-11-04T08:00,4.05,7.99
2025-11-04T09:00,3.02,6.71
2025-11-04T10:00,2.65,6.32
2025-11-04T11:00,2.90,6.75
2025-11-04T12:00,3.20,7.10
2025-11-04T13:00,3.37,6.80
2025-11-04T14:00,2.94,6.11
2025-11-04T15:00,3.88,5.96
2025-11-04T16:00,4.33,6.48
2025-11-04T17:00,4.28,6.42
2025-11-04T18:00,4.25,6.35
2025-11-04T19:00,4.18,6.47
2025-11-04T20:00,3.82,6.38
2025-11-04T21:00,2.71,5.54
2025-11-04T22:00,2.15,5.80
2025-11-04T23:00,2.36,6.38
2025-11-05T00:00,2.35,6.42
2025-11-05T01:00,2.34,6.72
2025-11-05T02:00,2.02,5.85
2025-11-05T03:00,1.81,5.26
2025-11-05T04:00,1.81,5.28
2025-11-05T05:00,1.61,4.64
2025-11-05T06:00,1.54,4.57
2025-11-05T07:00,1.34,3.69
2025-11-05T08:00,0.68,2.00
2025-11-05T09:00,1.58,4.04
2025-11-05T10:00,1.75,5.22
2025-11-05T11:00,1.93,5.73
2025-11-05T12:00,2.47,6.34
2025-11-05T13:00,3.10,6.60
2025-11-05T14:00,2.61,6.07
2025-11-05T15:00,3.02,4.93
2025-11-05T16:00,3.13,4.81
2025-11-05T17:00,3.63,5.60
2025-11-05T18:00,4.11,6.40
2025-11-05T19:00,4.35,7.21
2025-11-05T20:00,4.96,9.08
2025-11-05T21:00,5.60,10.29
2025-11-05T22:00,5.31,10.32
2025-11-05T23:00,4.92,9.86
2025-11-06T00:00,4.63,9.58
2025-11-06T01:00,3.95,8.81
2025-11-06T02:00,4.57,9.71
2025-11-06T03:00,4.77,9.62
2025-11-06T04:00,8.31,14.11
2025-11-06T05:00,6.52,11.08
2025-11-06T06:00,6.74,11.61
2025-11-06T07:00,6.37,11.01
2025-11-06T08:00,5.59,9.73
2025-11-06T09:00,5.34,9.45
2025-11-06T10:00,4.80,8.61
2025-11-06T11:00,4.32,7.91
2025-11-06T12:00,3.53,7.11
2025-11-06T13:00,3.67,7.20
2025-11-06T14:00,4.43,6.94
2025-11-06T15:00,4.42,6.71
2025-11-06T16:00,4.67,6.97
2025-11-06T17:00,4.26,6.29
2025-11-06T18:00,3.88,5.67
2025-11-06T19:00,4.00,5.95
2025-11-06T20:00,3.75,5.75
2025-11-06T21:00,2.72,4.99
2025-11-06T22:00,1.70,4.77
2025-11-06T23:00,1.66,4.76
2025-11-07T00:00,0.43,1.43
2025-11-07T01:00,0.78,1.55
2025-11-07T02:00,0.96,1.79
2025-11-07T03:00,0.25,1.52
2025-11-07T04:00,0.21,1.98
2025-11-07T05:00,0.43,2.66
2025-11-07T06:00,0.41,2.91
2025-11-07T07:00,1.00,3.77
2025-11-07T08:00,1.93,5.49
2025-11-07T09:00,2.07,6.10
2025-11-07T10:00,2.50,6.29
2025-11-07T11:00,2.76,6.78
2025-11-07T12:00,3.27,7.16
2025-11-07T13:00,3.50,7.54
2025-11-07T14:00,2.90,6.46
2025-11-07T15:00,3.46,5.58
2025-11-07T16:00,4.25,6.57
2025-11-07T17:00,4.92,7.59
2025-11-07T18:00,5.46,8.38
2025-11-07T19:00,5.45,8.61
2025-11-07T20:00,5.17,8.87
2025-11-07T21:00,5.71,10.20
2025-11-07T22:00,5.01,9.47
2025-11-07T23:00,5.54,10.34
2025-11-08T00:00,5.64,10.46
2025-11-08T01:00,5.05,9.46
2025-11-08T02:00,4.77,8.99
2025-11-08T03:00,4.19,7.98
2025-11-08T04:00,3.66,7.16
2025-11-08T05:00,4.19,8.36
2025-11-08T06:00,2.95,5.99
2025-11-08T07:00,3.54,7.34
2025-11-08T08:00,2.98,6.49
2025-11-08T09:00,1.96,4.93
2025-11-08T10:00,1.88,4.99
2025-11-08T11:00,2.85,6.20
2025-11-08T12:00,3.30,7.00
2025-11-08T13:00,3.93,7.48
2025-11-08T14:00,2.64,5.79
2025-11-08T15:00,3.00,4.54
2025-11-08T16:00,2.80,4.07
2025-11-08T17:00,2.40,3.46
2025-11-08T18:00,1.65,2.35
2025-11-08T19:00,1.59,2.29
2025-11-08T20:00,0.65,1.00
2025-11-08T21:00,0.65,0.90
2025-11-08T22:00,1.78,3.78
2025-11-08T23:00,1.68,4.62
2025-11-09T00:00,2.46,6.49
2025-11-09T01:00,2.08,5.79
2025-11-09T02:00,2.39,6.39
2025-11-09T03:00,2.36,6.34
2025-11-09T04:00,2.40,6.20
2025-11-09T05:00,2.70,6.56
2025-11-09T06:00,2.55,6.12
2025-11-09T07:00,2.05,5.60
2025-11-09T08:00,1.90,5.40
2025-11-09T09:00,1.45,4.61
2025-11-09T10:00,1.50,4.47
2025-11-09T11:00,1.25,3.98
2025-11-09T12:00,1.61,4.16
2025-11-09T13:00,1.65,3.78
2025-11-09T14:00,1.06,3.00
2025-11-09T15:00,2.23,3.38
2025-11-09T16:00,2.51,3.56
2025-11-09T17:00,2.78,4.00
2025-11-09T18:00,3.78,5.41
2025-11-09T19:00,3.41,5.14
2025-11-09T20:00,3.34,5.25
2025-11-09T21:00,1.93,4.19
2025-11-09T22:00,1.81,4.84
2025-11-09T23:00,0.45,2.48
2025-11-10T00:00,2.32,4.33
2025-11-10T01:00,0.97,2.72
2025-11-10T02:00,3.98,7.29
2025-11-10T03:00,4.34,7.88
2025-11-10T04:00,5.52,9.76
2025-11-10T05:00,5.27,9.30
2025-11-10T06:00,4.21,7.64
2025-11-10T07:00,4.75,8.50
2025-11-10T08:00,5.41,9.37
2025-11-10T09:00,5.30,8.97
2025-11-10T10:00,4.52,8.10
2025-11-10T11:00,5.00,8.58
2025-11-10T12:00,4.64,7.95
2025-11-10T13:00,3.96,6.84
2025-11-10T14:00,4.53,7.26
2025-11-10T15:00,4.57,7.16
2025-11-10T16:00,5.22,8.02
2025-11-10T17:00,6.11,9.16
2025-11-10T18:00,5.50,8.21
2025-11-10T19:00,5.59,8.50
2025-11-10T20:00,5.79,8.94
2025-11-10T21:00,6.05,9.12
2025-11-10T22:00,5.17,8.85
2025-11-10T23:00,4.67,8.24
2025-11-11T00:00,4.25,7.62
2025-11-11T01:00,4.04,7.53
2025-11-11T02:00,4.21,7.75
2025-11-11T03:00,4.49,8.10
2025-11-11T04:00,4.81,8.67
2025-11-11T05:00,5.21,9.21
2025-11-11T06:00,5.16,9.04
2025-11-11T07:00,4.68,8.22
2025-11-11T08:00,4.16,7.18
2025-11-11T09:00,5.19,9.08
2025-11-11T10:00,5.44,9.46
2025-11-11T11:00,5.42,9.24
2025-11-11T12:00,5.25,9.20
2025-11-11T13:00,4.35,7.45
2025-11-11T14:00,6.06,9.62
2025-11-11T15:00,6.81,10.51
2025-11-11T16:00,6.50,9.97
2025-11-11T17:00,6.74,10.33
2025-11-11T18:00,8.35,12.73
2025-11-11T19:00,8.06,12.52
2025-11-11T20:00,7.77,12.15
2025-11-11T21:00,5.85,9.74
2025-11-11T22:00,4.68,8.49
2025-11-11T23:00,3.65,7.07
2025-11-12T00:00,2.50,5.72
2025-11-12T01:00,1.69,4.75
2025-11-12T02:00,1.64,4.60
2025-11-12T03:00,2.62,6.46
2025-11-12T04:00,3.11,6.91
2025-11-12T05:00,3.36,6.93
2025-11-12T06:00,3.30,6.69
2025-11-12T07:00,3.39,6.93
2025-11-12T08:00,3.80,7.67
2025-11-12T09:00,4.23,8.52
2025-11-12T10:00,4.41,8.91
2025-11-12T11:00,4.42,8.93
2025-11-12T12:00,3.98,8.06
2025-11-12T13:00,3.91,7.75
2025-11-12T14:00,3.56,6.68
2025-11-12T15:00,3.48,5.47
2025-11-12T16:00,3.56,5.46
2025-11-12T17:00,4.40,6.62
2025-11-12T18:00,4.71,7.08
2025-11-12T19:00,4.07,6.72
2025-11-12T20:00,2.30,4.10
2025-11-12T21:00,0.25,2.03
2025-11-12T22:00,1.88,5.29
2025-11-12T23:00,4.51,8.96
2025-11-13T00:00,1.98,5.76
2025-11-13T01:00,2.82,7.13
2025-11-13T02:00,3.61,8.17
2025-11-13T03:00,4.58,9.04
2025-11-13T04:00,4.81,8.97
2025-11-13T05:00,4.19,8.08
2025-11-13T06:00,2.89,6.73
2025-11-13T07:00,4.13,8.48
2025-11-13T08:00,3.64,7.54
2025-11-13T09:00,3.26,6.98
2025-11-13T10:00,2.97,6.70
2025-11-13T11:00,2.80,6.57
2025-11-13T12:00,2.61,6.33
2025-11-13T13:00,2.78,6.04
2025-11-13T14:00,2.57,7.65
2025-11-13T15:00,3.73,6.01
2025-11-13T16:00,6.12,9.38
2025-11-13T17:00,6.29,9.72
2025-11-13T18:00,5.73,8.64
2025-11-13T19:00,4.97,7.68
2025-11-13T20:00,5.29,8.36
2025-11-13T21:00,3.86,6.91
2025-11-13T22:00,2.90,6.37
2025-11-13T23:00,2.15,5.73
2025-11-14T00:00,1.66,4.81
2025-11-14T01:00,1.56,4.65
2025-11-14T02:00,1.76,5.14
2025-11-14T03:00,2.09,5.96
2025-11-14T04:00,2.36,6.31
2025-11-14T05:00,2.38,6.21
2025-11-14T06:00,2.26,5.60
2025-11-14T07:00,2.17,5.59
2025-11-14T08:00,2.04,5.12
2025-11-14T09:00,2.25,5.66
2025-11-14T10:00,2.32,5.90
2025-11-14T11:00,2.24,5.84
2025-11-14T12:00,2.27,5.15
2025-11-14T13:00,2.54,5.18
2025-11-14T14:00,2.17,6.04
2025-11-14T15:00,1.99,3.77
2025-11-14T16:00,2.62,3.83
2025-11-14T17:00,2.95,4.24
2025-11-14T18:00,2.93,4.35
2025-11-14T19:00,2.68,4.19
2025-11-14T20:00,2.61,4.03
2025-11-14T21:00,1.10,2.97
2025-11-14T22:00,0.65,2.06
2025-11-14T23:00,1.00,2.21
2025-11-15T00:00,1.03,2.31
2025-11-15T01:00,1.27,3.51
2025-11-15T02:00,1.46,3.45
2025-11-15T03:00,1.75,4.32
2025-11-15T04:00,1.44,4.04
2025-11-15T05:00,1.24,3.72
2025-11-15T06:00,1.05,3.43
2025-11-15T07:00,0.45,1.80
2025-11-15T08:00,0.90,2.00
2025-11-15T09:00,1.46,3.22
2025-11-15T10:00,1.26,3.40
2025-11-15T11:00,1.00,2.87
2025-11-15T12:00,1.17,1.14
2025-11-15T13:00,1.70,2.26
2025-11-15T14:00,1.26,2.81
2025-11-15T15:00,0.86,3.12
2025-11-15T16:00,0.88,1.63
2025-11-15T17:00,0.93,1.41
2025-11-15T18:00,1.70,2.74
2025-11-15T19:00,1.77,2.93
2025-11-15T20:00,1.32,4.04
2025-11-15T21:00,2.36,5.36
2025-11-15T22:00,3.17,7.30
2025-11-15T23:00,3.64,8.22
2025-11-16T00:00,4.32,8.93
2025-11-16T01:00,4.72,9.42
2025-11-16T02:00,4.92,9.62
2025-11-16T03:00,5.56,10.64
2025-11-16T04:00,5.13,9.97
2025-11-16T05:00,5.17,9.78
2025-11-16T06:00,5.51,10.20
2025-11-16T07:00,3.75,7.46
2025-11-16T08:00,2.58,6.12
2025-11-16T09:00,4.89,9.38
2025-11-16T10:00,5.94,10.56
2025-11-16T11:00,5.46,9.65
2025-11-16T12:00,5.06,9.32
2025-11-16T13:00,6.79,11.25
2025-11-16T14:00,6.97,11.01
2025-11-16T15:00,8.06,12.66
2025-11-16T16:00,9.14,14.31
2025-11-16T17:00,8.77,13.56
2025-11-16T18:00,7.83,12.03
2025-11-16T19:00,7.59,11.68
2025-11-16T20:00,8.19,12.74
2025-11-16T21:00,8.08,12.79
2025-11-16T22:00,6.62,11.03
2025-11-16T23:00,6.56,11.06
2025-11-17T00:00,5.44,9.30
2025-11-17T01:00,5.37,9.16
2025-11-17T02:00,4.64,8.11
2025-11-17T03:00,4.12,7.40
2025-11-17T04:00,3.59,6.52
2025-11-17T05:00,3.51,6.28
2025-11-17T06:00,3.53,6.21
2025-11-17T07:00,3.72,6.60
2025-11-17T08:00,3.67,6.74
2025-11-17T09:00,3.60,6.61
2025-11-17T10:00,3.71,6.79
2025-11-17T11:00,4.06,7.19
2025-11-17T12:00,4.01,6.89
2025-11-17T13:00,4.00,6.48
2025-11-17T14:00,5.09,7.78
2025-11-17T15:00,5.95,9.05
2025-11-17T16:00,6.19,9.31
2025-11-17T17:00,6.19,9.34
2025-11-17T18:00,5.37,7.92
2025-11-17T19:00,5.07,7.49
2025-11-17T20:00,4.98,7.55
2025-11-17T21:00,4.48,6.93
2025-11-17T22:00,3.30,6.03
2025-11-17T23:00,3.23,6.12
2025-11-18T00:00,2.52,5.37
2025-11-18T01:00,2.36,5.32
2025-11-18T02:00,2.02,4.97
2025-11-18T03:00,1.56,4.55
2025-11-18T04:00,1.98,5.15
2025-11-18T05:00,2.27,5.55
2025-11-18T06:00,2.28,5.35
2025-11-18T07:00,2.21,5.44
2025-11-18T08:00,2.33,5.56
2025-11-18T09:00,2.06,5.13
2025-11-18T10:00,2.02,4.95
2025-11-18T11:00,1.65,4.54
2025-11-18T12:00,1.53,3.86
2025-11-18T13:00,2.05,4.04
2025-11-18T14:00,0.47,2.82
2025-11-18T15:00,0.68,1.21
2025-11-18T16:00,1.20,1.64
2025-11-18T17:00,1.53,2.20
2025-11-18T18:00,1.40,1.87
2025-11-18T19:00,1.84,2.61
2025-11-18T20:00,2.32,3.31
2025-11-18T21:00,2.35,3.45
2025-11-18T22:00,2.83,4.83
2025-11-18T23:00,1.96,3.59
2025-11-19T00:00,1.45,2.93
2025-11-19T01:00,1.86,3.74
2025-11-19T02:00,1.69,3.33
2025-11-19T03:00,2.22,4.71
2025-11-19T04:00,2.37,4.77
2025-11-19T05:00,2.55,4.96
2025-11-19T06:00,2.66,5.22
2025-11-19T07:00,2.96,5.69
2025-11-19T08:00,2.07,4.56
2025-11-19T09:00,0.99,2.13
2025-11-19T10:00,1.22,0.71
2025-11-19T11:00,1.75,2.80
2025-11-19T12:00,1.96,3.46
2025-11-19T13:00,2.75,4.46
2025-11-19T14:00,3.25,4.92
2025-11-19T15:00,3.82,5.65
2025-11-19T16:00,4.06,6.03
2025-11-19T17:00,4.00,5.80
2025-11-19T18:00,3.72,5.42
2025-11-19T19:00,3.19,4.65
2025-11-19T20:00,3.20,4.75
2025-11-19T21:00,3.15,4.71
2025-11-19T22:00,2.38,4.46
2025-11-19T23:00,2.55,4.86
2025-11-20T00:00,2.10,3.94
2025-11-20T01:00,2.02,4.05
2025-11-20T02:00,2.11,4.30
2025-11-20T03:00,2.05,4.44
2025-11-20T04:00,1.94,4.44
2025-11-20T05:00,1.77,4.32
2025-11-20T06:00,1.25,3.05
2025-11-20T07:00,0.96,1.92
2025-11-20T08:00,0.91,1.45
2025-11-20T09:00,0.81,1.36
2025-11-20T10:00,0.83,1.41
2025-11-20T11:00,0.81,1.41
2025-11-20T12:00,0.61,1.02
2025-11-20T13:00,0.74,1.16
2025-11-20T14:00,0.83,1.22
2025-11-20T15:00,1.00,1.44
2025-11-20T16:00,0.84,1.19
2025-11-20T17:00,0.99,1.46
2025-11-20T18:00,1.39,1.97
2025-11-20T19:00,1.00,1.44
2025-11-20T20:00,0.99,1.41
2025-11-20T21:00,1.03,1.40
2025-11-20T22:00,1.57,2.76
2025-11-20T23:00,1.26,2.70
2025-11-21T00:00,1.19,2.18
2025-11-21T01:00,1.36,2.83
2025-11-21T02:00,1.20,2.90
2025-11-21T03:00,0.66,2.26
2025-11-21T04:00,0.82,2.14
2025-11-21T05:00,0.64,2.56
2025-11-21T06:00,0.40,1.54
2025-11-21T07:00,0.61,1.89
2025-11-21T08:00,0.89,2.70
2025-11-21T09:00,1.41,4.00
2025-11-21T10:00,1.07,3.41
2025-11-21T11:00,1.28,3.86
2025-11-21T12:00,0.92,3.18
2025-11-21T13:00,0.63,2.16
2025-11-21T14:00,1.00,1.49
2025-11-21T15:00,1.39,1.90
2025-11-21T16:00,1.50,2.10
2025-11-21T17:00,0.70,1.00
2025-11-21T18:00,1.14,1.46
2025-11-21T19:00,1.30,1.70
2025-11-21T20:00,1.20,1.61
2025-11-21T21:00,0.88,1.17
2025-11-21T22:00,0.81,1.76
2025-11-21T23:00,1.16,2.98
2025-11-22T00:00,1.32,3.08
2025-11-22T01:00,1.31,3.11
2025-11-22T02:00,0.95,2.95
2025-11-22T03:00,1.14,3.25
2025-11-22T04:00,0.75,2.43
2025-11-22T05:00,1.14,2.85
2025-11-22T06:00,1.13,2.62
2025-11-22T07:00,1.53,2.71
2025-11-22T08:00,1.13,2.18
2025-11-22T09:00,1.97,2.08
2025-11-22T10:00,1.15,1.01
2025-11-22T11:00,1.96,3.33
2025-11-22T12:00,1.82,3.75
2025-11-22T13:00,3.15,5.60
2025-11-22T14:00,2.52,4.68
2025-11-22T15:00,3.42,5.50
2025-11-22T16:00,4.09,6.15
2025-11-22T17:00,3.10,4.95
2025-11-22T18:00,3.00,4.35
2025-11-22T19:00,2.67,3.87
2025-11-22T20:00,3.04,4.51
2025-11-22T21:00,3.16,5.35
2025-11-22T22:00,2.06,4.81
2025-11-22T23:00,1.58,4.55
2025-11-23T00:00,0.80,2.35
2025-11-23T01:00,0.72,2.01
2025-11-23T02:00,1.03,1.88
2025-11-23T03:00,1.95,4.43
2025-11-23T04:00,2.06,5.07
2025-11-23T05:00,1.15,3.07
2025-11-23T06:00,0.43,1.68
2025-11-23T07:00,0.35,1.66
2025-11-23T08:00,0.62,2.30
2025-11-23T09:00,0.30,1.03
2025-11-23T10:00,0.28,1.97
2025-11-23T11:00,0.40,2.67
2025-11-23T12:00,1.05,3.66
2025-11-23T13:00,1.85,4.40
2025-11-23T14:00,1.84,4.54
2025-11-23T15:00,2.10,4.25
2025-11-23T16:00,2.34,3.69
2025-11-23T17:00,3.09,4.57
2025-11-23T18:00,3.28,4.91
2025-11-23T19:00,3.87,6.18
2025-11-23T20:00,3.76,6.59
2025-11-23T21:00,3.99,7.37
2025-11-23T22:00,2.95,6.67
2025-11-23T23:00,2.20,5.92
2025-11-24T00:00,2.66,6.57
2025-11-24T01:00,2.48,6.44
2025-11-24T02:00,2.16,6.01
2025-11-24T03:00,2.15,5.89
2025-11-24T04:00,1.99,5.81
2025-11-24T05:00,2.58,6.93
2025-11-24T06:00,3.11,7.33
2025-11-24T07:00,3.24,7.61
2025-11-24T08:00,3.21,7.48
2025-11-24T09:00,3.11,7.32
2025-11-24T10:00,3.19,7.34
2025-11-24T11:00,3.50,7.78
2025-11-24T12:00,3.03,6.98
2025-11-24T13:00,3.05,6.71
2025-11-24T14:00,2.48,6.94
2025-11-24T15:00,1.87,3.05
2025-11-24T16:00,1.79,2.66
2025-11-24T17:00,1.45,2.04
2025-11-24T18:00,0.74,1.03
2025-11-24T19:00,0.49,0.78
2025-11-24T20:00,0.39,0.54
2025-11-24T21:00,0.85,1.55
2025-11-24T22:00,1.60,3.29
2025-11-24T23:00,1.36,3.05
2025-11-25T00:00,1.77,5.03
2025-11-25T01:00,2.09,5.46
2025-11-25T02:00,1.55,4.84
2025-11-25T03:00,1.53,4.81
2025-11-25T04:00,1.71,5.14
2025-11-25T05:00,1.95,5.46
2025-11-25T06:00,2.72,6.26
2025-11-25T07:00,2.71,6.30
2025-11-25T08:00,2.30,5.90
2025-11-25T09:00,2.15,5.28
2025-11-25T10:00,2.45,5.74
2025-11-25T11:00,2.82,6.41
2025-11-25T12:00,2.95,6.33
2025-11-25T13:00,2.97,6.15
2025-11-25T14:00,2.37,6.46
2025-11-25T15:00,2.43,3.90
2025-11-25T16:00,2.72,4.51
2025-11-25T17:00,2.92,5.45
2025-11-25T18:00,2.47,4.95
2025-11-25T19:00,1.38,3.27
2025-11-25T20:00,1.92,4.65
2025-11-25T21:00,1.32,4.16
2025-11-25T22:00,1.63,4.59
2025-11-25T23:00,1.61,4.82
2025-11-26T00:00,1.16,3.61
2025-11-26T01:00,1.88,5.52
2025-11-26T02:00,2.98,6.99
2025-11-26T03:00,3.23,7.71
2025-11-26T04:00,3.55,8.13
2025-11-26T05:00,3.60,8.16
2025-11-26T06:00,3.96,8.02
2025-11-26T07:00,4.47,8.78
2025-11-26T08:00,4.88,9.31
2025-11-26T09:00,4.21,8.14
2025-11-26T10:00,4.80,9.16
2025-11-26T11:00,4.70,9.02
2025-11-26T12:00,3.49,7.03
2025-11-26T13:00,3.29,6.58
2025-11-26T14:00,3.80,6.29
2025-11-26T15:00,4.06,5.81
2025-11-26T16:00,3.49,5.25
2025-11-26T17:00,2.62,3.78
2025-11-26T18:00,2.33,3.47
2025-11-26T19:00,3.16,4.86
2025-11-26T20:00,2.91,5.46
2025-11-26T21:00,3.18,6.53
2025-11-26T22:00,2.67,6.38
2025-11-26T23:00,4.33,8.57
2025-11-27T00:00,3.51,7.08
2025-11-27T01:00,4.84,8.99
2025-11-27T02:00,6.63,11.73
2025-11-27T03:00,6.36,11.10
2025-11-27T04:00,6.07,10.64
2025-11-27T05:00,5.73,10.01
2025-11-27T06:00,4.77,8.47
2025-11-27T07:00,4.16,7.58
2025-11-27T08:00,3.62,6.75
2025-11-27T09:00,3.32,6.38
2025-11-27T10:00,3.45,6.60
2025-11-27T11:00,3.31,6.51
2025-11-27T12:00,2.20,4.96
2025-11-27T13:00,1.91,4.20
2025-11-27T14:00,1.71,3.27
2025-11-27T15:00,3.42,5.09
2025-11-27T16:00,4.81,7.19
2025-11-27T17:00,5.00,7.42
2025-11-27T18:00,4.79,7.13
2025-11-27T19:00,4.73,7.17
2025-11-27T20:00,4.96,7.68
2025-11-27T21:00,4.88,7.95
2025-11-27T22:00,4.40,7.62
2025-11-27T23:00,4.52,7.96
2025-11-28T00:00,4.16,7.40
2025-11-28T01:00,5.10,8.81
2025-11-28T02:00,4.73,8.17
2025-11-28T03:00,4.08,7.18
2025-11-28T04:00,4.46,8.02
2025-11-28T05:00,4.64,8.39
2025-11-28T06:00,4.72,8.47
2025-11-28T07:00,5.08,9.08
2025-11-28T08:00,5.23,9.27
2025-11-28T09:00,5.00,8.93
2025-11-28T10:00,4.95,8.96
2025-11-28T11:00,4.95,8.93
2025-11-28T12:00,4.45,8.13
2025-11-28T13:00,4.42,7.95
2025-11-28T14:00,4.81,7.76
2025-11-28T15:00,6.33,9.82
2025-11-28T16:00,7.21,10.90
2025-11-28T17:00,7.16,10.92
2025-11-28T18:00,6.81,10.39
2025-11-28T19:00,6.70,10.30
2025-11-28T20:00,6.73,10.47
2025-11-28T21:00,5.35,9.02
2025-11-28T22:00,4.36,7.67
2025-11-28T23:00,4.19,7.59
2025-11-29T00:00,4.58,7.74
2025-11-29T01:00,4.25,7.53
2025-11-29T02:00,4.11,7.60
2025-11-29T03:00,4.29,7.93
2025-11-29T04:00,4.16,7.69
2025-11-29T05:00,3.83,7.25
2025-11-29T06:00,3.81,7.40
2025-11-29T07:00,3.97,7.67
2025-11-29T08:00,4.10,7.88
2025-11-29T09:00,4.20,8.01
2025-11-29T10:00,4.17,7.89
2025-11-29T11:00,3.25,6.62
2025-11-29T12:00,2.15,5.21
2025-11-29T13:00,2.32,4.65
2025-11-29T14:00,1.82,3.29
2025-11-29T15:00,2.15,3.20
2025-11-29T16:00,1.89,2.72
2025-11-29T17:00,1.66,2.32
2025-11-29T18:00,1.17,1.63
2025-11-29T19:00,0.79,1.15
2025-11-29T20:00,0.46,0.69
2025-11-29T21:00,0.72,1.27
2025-11-29T22:00,1.34,3.28
2025-11-29T23:00,1.40,3.81
2025-11-30T00:00,1.49,4.37
2025-11-30T01:00,1.61,4.43
2025-11-30T02:00,1.93,4.70
2025-11-30T03:00,2.21,5.05
2025-11-30T04:00,2.66,5.82
2025-11-30T05:00,2.93,6.31
2025-11-30T06:00,2.64,5.74
2025-11-30T07:00,3.01,6.32
2025-11-30T08:00,3.32,6.58
2025-11-30T09:00,3.38,6.81
2025-11-30T10:00,3.01,6.11
2025-11-30T11:00,3.00,6.12
2025-11-30T12:00,3.28,6.12
2025-11-30T13:00,3.41,6.39
2025-11-30T14:00,4.14,7.20
2025-11-30T15:00,4.85,8.55
2025-11-30T16:00,4.29,8.63
2025-11-30T17:00,4.18,7.23
2025-11-30T18:00,2.93,5.02
2025-11-30T19:00,3.15,9.06
2025-11-30T20:00,5.08,9.03
2025-11-30T21:00,4.79,8.73
2025-11-30T22:00,4.44,8.39
2025-11-30T23:00,4.20,8.25
2025-12-01T00:00,2.89,6.25
2025-12-01T01:00,2.48,5.90
2025-12-01T02:00,2.78,6.04
2025-12-01T03:00,5.27,9.84
2025-12-01T04:00,5.53,9.88
2025-12-01T05:00,5.63,10.05
2025-12-01T06:00,5.74,10.26
2025-12-01T07:00,5.51,9.88
2025-12-01T08:00,5.53,9.85
2025-12-01T09:00,5.37,9.60
2025-12-01T10:00,5.21,9.35
2025-12-01T11:00,5.04,9.03
2025-12-01T12:00,3.96,7.65
2025-12-01T13:00,4.18,7.79
2025-12-01T14:00,3.55,6.44
2025-12-01T15:00,4.47,6.80
2025-12-01T16:00,3.73,5.48
2025-12-01T17:00,2.85,4.11
2025-12-01T18:00,2.09,2.91
2025-12-01T19:00,1.64,2.29
2025-12-01T20:00,1.02,1.42
2025-12-01T21:00,0.50,0.93
2025-12-01T22:00,1.01,2.05
2025-12-01T23:00,1.35,3.21
2025-12-02T00:00,1.27,3.43
2025-12-02T01:00,1.45,4.27
2025-12-02T02:00,1.68,4.94
2025-12-02T03:00,1.58,5.00
2025-12-02T04:00,1.72,5.14
2025-12-02T05:00,1.55,4.84
2025-12-02T06:00,1.31,4.36
2025-12-02T07:00,1.49,4.45
2025-12-02T08:00,1.07,3.76
2025-12-02T09:00,1.20,3.78
2025-12-02T10:00,0.89,3.30
2025-12-02T11:00,0.32,2.01
2025-12-02T12:00,0.42,1.03
2025-12-02T13:00,0.32,1.89
2025-12-02T14:00,1.45,0.78
2025-12-02T15:00,3.19,5.06
2025-12-02T16:00,3.93,7.03
2025-12-02T17:00,2.51,5.13
2025-12-02T18:00,1.79,3.66
2025-12-02T19:00,2.66,5.53
2025-12-02T20:00,3.90,6.78
2025-12-02T21:00,4.57,8.27
2025-12-02T22:00,4.84,8.88
2025-12-02T23:00,5.02,9.20
2025-12-03T00:00,4.53,8.56
2025-12-03T01:00,5.18,9.53
2025-12-03T02:00,5.45,9.80
2025-12-03T03:00,5.32,9.49
2025-12-03T04:00,5.46,9.74
2025-12-03T05:00,5.27,9.48
2025-12-03T06:00,4.77,8.70
2025-12-03T07:00,5.06,9.17
2025-12-03T08:00,5.03,9.08
2025-12-03T09:00,4.76,8.77
2025-12-03T10:00,4.07,7.83
2025-12-03T11:00,3.13,6.48
2025-12-03T12:00,2.34,5.52
2025-12-03T13:00,2.40,5.10
2025-12-03T14:00,2.16,4.21
2025-12-03T15:00,2.50,3.79
2025-12-03T16:00,3.15,4.59
2025-12-03T17:00,2.91,4.19
2025-12-03T18:00,1.56,2.12
2025-12-03T19:00,1.41,1.95
2025-12-03T20:00,1.27,1.88
2025-12-03T21:00,0.10,0.67
2025-12-03T22:00,0.35,0.64
2025-12-03T23:00,0.60,1.35
2025-12-04T00:00,0.56,2.07
2025-12-04T01:00,0.36,2.08
2025-12-04T02:00,0.51,2.39
2025-12-04T03:00,1.42,3.93
2025-12-04T04:00,1.48,4.42
2025-12-04T05:00,1.50,4.54
2025-12-04T06:00,1.30,3.80
2025-12-04T07:00,1.30,3.83
2025-12-04T08:00,1.40,3.95
2025-12-04T09:00,1.68,4.54
2025-12-04T10:00,1.88,5.06
2025-12-04T11:00,2.06,5.32
2025-12-04T12:00,2.17,5.41
2025-12-04T13:00,2.48,5.42
2025-12-04T14:00,2.14,6.17
2025-12-04T15:00,2.33,4.47
2025-12-04T16:00,4.40,6.85
2025-12-04T17:00,4.79,7.43
2025-12-04T18:00,4.71,7.33
2025-12-04T19:00,5.31,8.32
2025-12-04T20:00,4.95,7.89
2025-12-04T21:00,4.00,7.22
2025-12-04T22:00,3.19,6.48
2025-12-04T23:00,2.62,5.70
2025-12-05T00:00,2.42,5.58
2025-12-05T01:00,1.84,4.74
2025-12-05T02:00,2.29,5.30
2025-12-05T03:00,2.72,5.61
2025-12-05T04:00,3.39,6.51
2025-12-05T05:00,3.27,6.23
2025-12-05T06:00,3.11,5.75
2025-12-05T07:00,2.69,5.06
2025-12-05T08:00,2.77,4.79
2025-12-05T09:00,2.45,4.14
2025-12-05T10:00,2.69,4.48
2025-12-05T11:00,2.60,4.23
2025-12-05T12:00,2.10,3.23
2025-12-05T13:00,1.83,3.01
2025-12-05T14:00,2.38,3.69
2025-12-05T15:00,2.52,3.89
2025-12-05T16:00,2.42,3.68
2025-12-05T17:00,2.46,3.67
2025-12-05T18:00,2.06,2.80
2025-12-05T19:00,1.95,2.89
2025-12-05T20:00,1.78,2.64
2025-12-05T21:00,1.56,2.55
2025-12-05T22:00,1.77,2.93
2025-12-05T23:00,1.88,3.11
2025-12-06T00:00,1.74,2.70
2025-12-06T01:00,1.25,2.06
2025-12-06T02:00,1.10,1.90
2025-12-06T03:00,0.90,1.80
2025-12-06T04:00,0.36,1.01
2025-12-06T05:00,0.30,0.35
2025-12-06T06:00,0.79,1.11
2025-12-06T07:00,0.69,1.19
2025-12-06T08:00,0.86,1.63
2025-12-06T09:00,1.10,2.15
2025-12-06T10:00,0.70,2.08
2025-12-06T11:00,0.71,2.02
2025-12-06T12:00,0.90,1.74
2025-12-06T13:00,1.46,2.14
2025-12-06T14:00,1.53,2.26
2025-12-06T15:00,1.50,2.05
2025-12-06T16:00,1.31,1.71
2025-12-06T17:00,1.39,2.01
2025-12-06T18:00,1.39,1.78
2025-12-06T19:00,1.41,2.52
2025-12-06T20:00,1.76,2.47
2025-12-06T21:00,1.45,2.85
2025-12-06T22:00,1.58,3.95
2025-12-06T23:00,1.98,4.77
2025-12-07T00:00,1.71,4.45
2025-12-07T01:00,1.96,4.86
2025-12-07T02:00,2.25,5.36
2025-12-07T03:00,2.45,6.06
2025-12-07T04:00,2.24,5.49
2025-12-07T05:00,2.04,5.24
2025-12-07T06:00,2.23,5.55
2025-12-07T07:00,2.15,5.18
2025-12-07T08:00,1.91,4.99
2025-12-07T09:00,1.73,4.48
2025-12-07T10:00,1.29,3.52
2025-12-07T11:00,1.52,3.59
2025-12-07T12:00,0.25,1.11
2025-12-07T13:00,0.36,0.86
2025-12-07T14:00,0.70,1.76
2025-12-07T15:00,0.52,1.56
2025-12-07T16:00,0.80,1.20
2025-12-07T17:00,0.75,1.10
2025-12-07T18:00,1.70,2.45
2025-12-07T19:00,3.05,4.42
2025-12-07T20:00,2.55,3.82
2025-12-07T21:00,1.47,3.04
2025-12-07T22:00,1.41,3.58
2025-12-07T23:00,2.39,5.48
2025-12-08T00:00,1.69,4.44
2025-12-08T01:00,1.44,4.14
2025-12-08T02:00,1.34,3.85
2025-12-08T03:00,1.44,4.12
2025-12-08T04:00,1.25,3.79
2025-12-08T05:00,2.05,4.23
2025-12-08T06:00,1.38,3.58
2025-12-08T07:00,2.20,5.28
2025-12-08T08:00,2.66,6.55
2025-12-08T09:00,3.07,6.85
2025-12-08T10:00,4.35,8.13
2025-12-08T11:00,4.72,8.42
2025-12-08T12:00,4.21,7.73
2025-12-08T13:00,3.81,6.81
2025-12-08T14:00,4.25,7.07
2025-12-08T15:00,4.22,6.86
2025-12-08T16:00,4.94,7.72
2025-12-08T17:00,4.83,7.43
2025-12-08T18:00,3.64,5.34
2025-12-08T19:00,3.56,5.42
2025-12-08T20:00,3.67,5.61
2025-12-08T21:00,3.29,5.48
2025-12-08T22:00,3.49,6.05
2025-12-08T23:00,3.25,5.81
2025-12-09T00:00,2.82,4.76
2025-12-09T01:00,2.73,4.83
2025-12-09T02:00,2.60,4.70
2025-12-09T03:00,2.58,4.67
2025-12-09T04:00,2.43,4.57
2025-12-09T05:00,2.26,4.25
2025-12-09T06:00,2.41,3.90
2025-12-09T07:00,1.90,3.67
2025-12-09T08:00,1.66,3.55
2025-12-09T09:00,1.46,3.16
2025-12-09T10:00,1.29,2.80
2025-12-09T11:00,0.87,2.09
2025-12-09T12:00,1.03,2.10
2025-12-09T13:00,1.13,1.92
2025-12-09T14:00,0.81,1.17
2025-12-09T15:00,0.74,1.03
2025-12-09T16:00,1.61,2.30
2025-12-09T17:00,2.40,3.40
2025-12-09T18:00,2.60,3.70
2025-12-09T19:00,3.14,4.60
2025-12-09T20:00,3.28,4.91
2025-12-09T21:00,2.99,5.28
2025-12-09T22:00,3.39,6.67
2025-12-09T23:00,4.15,7.49
2025-12-10T00:00,4.25,7.56
2025-12-10T01:00,4.71,8.32
2025-12-10T02:00,4.96,8.73
2025-12-10T03:00,5.25,9.56
2025-12-10T04:00,4.61,8.66
2025-12-10T05:00,4.43,8.26
2025-12-10T06:00,4.64,8.50
2025-12-10T07:00,4.41,8.19
2025-12-10T08:00,4.23,8.05
2025-12-10T09:00,4.06,7.87
2025-12-10T10:00,4.30,8.35
2025-12-10T11:00,4.72,9.00
2025-12-10T12:00,4.65,8.67
2025-12-10T13:00,4.84,9.09
2025-12-10T14:00,3.89,12.72
2025-12-10T15:00,4.71,9.06
2025-12-10T16:00,4.86,8.30
2025-12-10T17:00,3.66,7.16
2025-12-10T18:00,4.97,9.00
2025-12-10T19:00,4.99,9.32
2025-12-10T20:00,4.59,8.63
2025-12-10T21:00,4.60,8.81
2025-12-10T22:00,4.79,9.15
2025-12-10T23:00,4.63,8.97
2025-12-11T00:00,4.46,8.86
2025-12-11T01:00,5.24,10.01
2025-12-11T02:00,4.71,9.31
2025-12-11T03:00,4.88,9.41
2025-12-11T04:00,2.91,6.46
2025-12-11T05:00,3.32,7.25
2025-12-11T06:00,3.79,7.65
2025-12-11T07:00,5.33,9.50
2025-12-11T08:00,5.35,9.49
2025-12-11T09:00,5.66,9.94
2025-12-11T10:00,5.61,9.85
2025-12-11T11:00,4.71,8.35
2025-12-11T12:00,4.02,7.22
2025-12-11T13:00,3.23,5.76
2025-12-11T14:00,4.38,6.82
2025-12-11T15:00,4.88,7.67
2025-12-11T16:00,5.94,9.15
2025-12-11T17:00,6.10,9.34
2025-12-11T18:00,6.05,9.15
2025-12-11T19:00,5.99,9.10
2025-12-11T20:00,5.66,8.81
2025-12-11T21:00,4.92,8.26
2025-12-11T22:00,4.60,8.13
2025-12-11T23:00,4.36,7.83
2025-12-12T00:00,4.92,8.74
2025-12-12T01:00,4.29,7.96
2025-12-12T02:00,2.55,5.57
2025-12-12T03:00,1.58,4.40
2025-12-12T04:00,1.75,4.60
2025-12-12T05:00,2.27,4.84
2025-12-12T06:00,2.25,4.54
2025-12-12T07:00,2.74,5.30
2025-12-12T08:00,3.29,6.40
2025-12-12T09:00,2.87,5.85
2025-12-12T10:00,2.24,5.10
2025-12-12T11:00,1.86,4.59
2025-12-12T12:00,1.95,4.67
2025-12-12T13:00,2.50,5.04
2025-12-12T14:00,2.23,4.30
2025-12-12T15:00,3.19,4.82
2025-12-12T16:00,2.88,4.23
2025-12-12T17:00,2.67,3.83
2025-12-12T18:00,2.25,3.15
2025-12-12T19:00,2.34,3.35
2025-12-12T20:00,2.21,3.23
2025-12-12T21:00,1.42,2.77
2025-12-12T22:00,0.71,2.20
2025-12-12T23:00,0.61,2.00
2025-12-13T00:00,0.89,2.05
2025-12-13T01:00,0.43,0.91
2025-12-13T02:00,0.25,0.89
2025-12-13T03:00,0.54,2.02
2025-12-13T04:00,0.99,2.86
2025-12-13T05:00,1.29,3.87
2025-12-13T06:00,1.16,3.70
2025-12-13T07:00,1.26,3.96
2025-12-13T08:00,1.50,4.55
2025-12-13T09:00,1.50,4.50
2025-12-13T10:00,1.77,4.74
2025-12-13T11:00,2.20,5.10
2025-12-13T12:00,2.70,5.66
2025-12-13T13:00,2.06,4.94
2025-12-13T14:00,1.94,5.69
2025-12-13T15:00,2.00,3.09
2025-12-13T16:00,1.95,2.87
2025-12-13T17:00,1.95,2.80
2025-12-13T18:00,1.42,2.02
2025-12-13T19:00,1.77,2.62
2025-12-13T20:00,1.23,2.62
2025-12-13T21:00,0.21,1.62
2025-12-13T22:00,0.74,1.81
2025-12-13T23:00,0.95,1.28
2025-12-14T00:00,1.94,4.74
2025-12-14T01:00,1.71,4.32
2025-12-14T02:00,2.11,4.94
2025-12-14T03:00,2.01,4.68
2025-12-14T04:00,2.32,4.88
2025-12-14T05:00,2.35,4.94
2025-12-14T06:00,2.40,4.85
2025-12-14T07:00,2.32,4.54
2025-12-14T08:00,2.10,4.20
2025-12-14T09:00,2.59,5.12
2025-12-14T10:00,4.30,7.47
2025-12-14T11:00,5.52,9.12
2025-12-14T12:00,4.76,8.16
2025-12-14T13:00,5.30,9.05
2025-12-14T14:00,6.41,10.78
2025-12-14T15:00,6.35,10.40
2025-12-14T16:00,6.49,10.40
2025-12-14T17:00,7.01,11.12
2025-12-14T18:00,6.79,10.54
2025-12-14T19:00,7.25,11.00
2025-12-14T20:00,6.50,10.72
2025-12-14T21:00,6.66,11.08
2025-12-14T22:00,7.00,11.88
2025-12-14T23:00,6.97,11.89
2025-12-15T00:00,6.82,11.45
2025-12-15T01:00,7.10,12.09
2025-12-15T02:00,6.91,11.78
2025-12-15T03:00,6.58,11.26
2025-12-15T04:00,6.28,10.82
2025-12-15T05:00,5.84,10.17
2025-12-15T06:00,5.74,9.90
2025-12-15T07:00,5.66,10.12
2025-12-15T08:00,5.41,9.81
2025-12-15T09:00,4.97,9.06
2025-12-15T10:00,5.13,9.32
2025-12-15T11:00,5.28,9.57
2025-12-15T12:00,4.96,9.22
2025-12-15T13:00,5.33,9.75
2025-12-15T14:00,3.73,7.81
2025-12-15T15:00,4.13,6.81
2025-12-15T16:00,4.07,6.46
2025-12-15T17:00,3.73,5.79
2025-12-15T18:00,3.45,4.97
2025-12-15T19:00,2.95,4.72
2025-12-15T20:00,2.68,4.51
2025-12-15T21:00,2.22,4.23
2025-12-15T22:00,1.27,3.08
2025-12-15T23:00,0.43,2.11
2025-12-16T00:00,0.16,1.03
2025-12-16T01:00,0.57,2.56
2025-12-16T02:00,1.94,5.76
2025-12-16T03:00,2.87,6.91
2025-12-16T04:00,3.02,6.96
2025-12-16T05:00,2.82,6.84
2025-12-16T06:00,2.37,5.93
2025-12-16T07:00,1.65,5.07
2025-12-16T08:00,1.49,4.53
2025-12-16T09:00,1.05,3.97
2025-12-16T10:00,0.96,3.57
2025-12-16T11:00,0.65,2.81
2025-12-16T12:00,0.92,2.39
2025-12-16T13:00,1.13,3.05
2025-12-16T14:00,0.71,3.74
2025-12-16T15:00,0.40,2.28
2025-12-16T16:00,0.38,0.71
2025-12-16T17:00,0.16,0.39
2025-12-16T18:00,0.93,1.12
2025-12-16T19:00,0.75,1.55
2025-12-16T20:00,0.94,2.01
2025-12-16T21:00,0.50,2.07
2025-12-16T22:00,1.43,4.04
2025-12-16T23:00,2.10,6.11
2025-12-17T00:00,1.98,5.62
2025-12-17T01:00,1.98,5.30
2025-12-17T02:00,1.86,5.05
2025-12-17T03:00,2.24,5.56
2025-12-17T04:00,2.80,6.52
2025-12-17T05:00,3.22,7.11
2025-12-17T06:00,2.69,6.40
2025-12-17T07:00,2.14,5.73
2025-12-17T08:00,1.72,5.17
2025-12-17T09:00,2.25,5.66
2025-12-17T10:00,2.97,6.83
2025-12-17T11:00,3.23,7.29
2025-12-17T12:00,3.20,7.27
2025-12-17T13:00,3.13,6.78
2025-12-17T14:00,3.96,8.07
2025-12-17T15:00,4.75,10.60
2025-12-17T16:00,2.80,9.94
2025-12-17T17:00,2.97,9.28
2025-12-17T18:00,1.57,8.59
2025-12-17T19:00,3.24,7.16
2025-12-17T20:00,2.87,6.85
2025-12-17T21:00,2.49,6.71
2025-12-17T22:00,2.32,6.28
2025-12-17T23:00,2.86,7.96
2025-12-18T00:00,2.21,6.23
2025-12-18T01:00,2.59,7.09
2025-12-18T02:00,2.39,6.37
2025-12-18T03:00,2.18,5.77
2025-12-18T04:00,2.02,4.62
2025-12-18T05:00,1.52,2.61
2025-12-18T06:00,1.87,3.31
2025-12-18T07:00,2.21,5.36
2025-12-18T08:00,2.13,5.97
2025-12-18T09:00,1.82,5.39
2025-12-18T10:00,1.97,5.71
2025-12-18T11:00,2.47,6.36
2025-12-18T12:00,2.03,5.69
2025-12-18T13:00,1.35,4.41
2025-12-18T14:00,1.07,2.70
2025-12-18T15:00,1.30,2.97
2025-12-18T16:00,1.16,1.98
2025-12-18T17:00,1.13,1.64
2025-12-18T18:00,1.62,2.39
2025-12-18T19:00,1.66,2.79
2025-12-18T20:00,1.60,4.29
2025-12-18T21:00,2.21,6.16
2025-12-18T22:00,2.71,7.19
2025-12-18T23:00,2.78,7.18
2025-12-19T00:00,2.16,5.64
2025-12-19T01:00,1.46,3.66
2025-12-19T02:00,2.83,6.87
2025-12-19T03:00,3.65,8.13
2025-12-19T04:00,3.90,8.66
2025-12-19T05:00,5.14,10.30
2025-12-19T06:00,6.21,11.13
2025-12-19T07:00,7.00,12.45
2025-12-19T08:00,7.39,12.93
2025-12-19T09:00,7.29,12.84
2025-12-19T10:00,6.86,12.03
2025-12-19T11:00,6.57,11.66
2025-12-19T12:00,5.68,10.00
2025-12-19T13:00,5.85,10.21
2025-12-19T14:00,3.64,6.63
2025-12-19T15:00,3.42,6.27
2025-12-19T16:00,5.50,9.00
2025-12-19T17:00,8.40,13.00
2025-12-19T18:00,8.21,12.61
2025-12-19T19:00,6.61,10.92
2025-12-19T20:00,7.32,11.87
2025-12-19T21:00,6.55,10.99
2025-12-19T22:00,7.94,13.36
2025-12-19T23:00,7.82,13.11
2025-12-20T00:00,5.65,9.88
2025-12-20T01:00,5.94,10.68
2025-12-20T02:00,5.04,9.06
2025-12-20T03:00,3.77,7.09
2025-12-20T04:00,3.69,6.66
2025-12-20T05:00,4.94,8.43
2025-12-20T06:00,3.54,6.80
2025-12-20T07:00,3.00,6.05
2025-12-20T08:00,2.53,5.31
2025-12-20T09:00,2.21,4.90
2025-12-20T10:00,2.21,4.81
2025-12-20T11:00,3.21,6.41
2025-12-20T12:00,2.26,5.06
2025-12-20T13:00,1.66,2.01
2025-12-20T14:00,0.94,1.61
2025-12-20T15:00,0.65,1.00
2025-12-20T16:00,1.41,1.90
2025-12-20T17:00,2.14,3.06
2025-12-20T18:00,1.82,2.61
2025-12-20T19:00,2.43,3.48
2025-12-20T20:00,2.57,3.84
2025-12-20T21:00,2.61,5.03
2025-12-20T22:00,3.47,7.43
2025-12-20T23:00,3.55,7.90
2025-12-21T00:00,3.91,8.20
2025-12-21T01:00,4.91,9.74
2025-12-21T02:00,5.25,10.15
2025-12-21T03:00,5.17,10.01
2025-12-21T04:00,5.13,10.00
2025-12-21T05:00,5.39,10.40
2025-12-21T06:00,5.51,10.51
2025-12-21T07:00,5.05,10.18
2025-12-21T08:00,4.04,8.85
2025-12-21T09:00,3.16,7.59
2025-12-21T10:00,3.15,7.37
2025-12-21T11:00,3.40,7.82
2025-12-21T12:00,2.57,6.70
2025-12-21T13:00,2.92,7.30
2025-12-21T14:00,3.47,7.79
2025-12-21T15:00,4.66,8.41
2025-12-21T16:00,5.33,9.10
2025-12-21T17:00,5.72,9.57
2025-12-21T18:00,4.50,8.03
2025-12-21T19:00,5.01,8.65
2025-12-21T20:00,5.24,9.05
2025-12-21T21:00,5.10,9.11
2025-12-21T22:00,5.00,9.31
2025-12-21T23:00,5.13,9.48
2025-12-22T00:00,3.59,7.55
2025-12-22T01:00,3.41,7.34
2025-12-22T02:00,3.78,7.85
2025-12-22T03:00,3.64,7.60
2025-12-22T04:00,3.47,7.20
2025-12-22T05:00,2.94,6.49
2025-12-22T06:00,2.44,5.88
2025-12-22T07:00,2.51,6.12
2025-12-22T08:00,2.54,6.10
2025-12-22T09:00,2.08,5.34
2025-12-22T10:00,1.95,5.01
2025-12-22T11:00,1.90,4.83
2025-12-22T12:00,1.86,4.80
2025-12-22T13:00,1.87,4.55
2025-12-22T14:00,1.37,4.32
2025-12-22T15:00,1.35,2.41
2025-12-22T16:00,1.75,2.63
2025-12-22T17:00,1.41,2.09
2025-12-22T18:00,1.06,1.51
2025-12-22T19:00,1.24,1.77
2025-12-22T20:00,1.17,2.09
2025-12-22T21:00,0.80,2.35
2025-12-22T22:00,1.25,3.36
2025-12-22T23:00,1.90,5.25
2025-12-23T00:00,1.78,5.24
2025-12-23T01:00,1.95,5.46
2025-12-23T02:00,2.26,5.71
2025-12-23T03:00,2.55,5.97
2025-12-23T04:00,2.80,6.39
2025-12-23T05:00,3.26,7.03
2025-12-23T06:00,3.55,7.59
2025-12-23T07:00,3.62,7.35
2025-12-23T08:00,3.35,6.89
2025-12-23T09:00,2.96,6.28
2025-12-23T10:00,3.28,6.65
2025-12-23T11:00,3.66,7.00
2025-12-23T12:00,2.92,5.84
2025-12-23T13:00,3.96,7.32
2025-12-23T14:00,3.41,6.23
2025-12-23T15:00,1.85,6.31
2025-12-23T16:00,1.94,3.70
2025-12-23T17:00,1.41,3.05
2025-12-23T18:00,1.01,1.71
2025-12-23T19:00,0.27,0.58
2025-12-23T20:00,0.69,0.70
2025-12-23T21:00,0.36,1.61
2025-12-23T22:00,0.11,1.58
2025-12-23T23:00,0.98,2.96
2025-12-24T00:00,1.59,4.52
2025-12-24T01:00,1.47,4.39
2025-12-24T02:00,1.47,4.48
2025-12-24T03:00,1.46,4.47
2025-12-24T04:00,1.60,4.79
2025-12-24T05:00,1.81,5.57
2025-12-24T06:00,2.76,6.94
2025-12-24T07:00,2.65,7.30
2025-12-24T08:00,3.19,7.29
2025-12-24T09:00,3.72,8.17
2025-12-24T10:00,4.45,8.69
2025-12-24T11:00,4.92,9.38
2025-12-24T12:00,4.42,9.06
2025-12-24T13:00,5.67,10.50
2025-12-24T14:00,6.06,10.48
2025-12-24T15:00,5.63,9.11
2025-12-24T16:00,5.31,8.38
2025-12-24T17:00,4.79,7.34
2025-12-24T18:00,4.05,6.12
2025-12-24T19:00,3.82,5.76
2025-12-24T20:00,3.20,5.08
2025-12-24T21:00,1.75,4.12
2025-12-24T22:00,1.54,4.13
2025-12-24T23:00,1.54,4.16
2025-12-25T00:00,1.10,2.62
2025-12-25T01:00,1.23,2.90
2025-12-25T02:00,1.66,4.09
2025-12-25T03:00,1.88,5.10
2025-12-25T04:00,1.45,4.52
2025-12-25T05:00,1.50,4.58
2025-12-25T06:00,1.20,3.34
2025-12-25T07:00,1.95,4.81
2025-12-25T08:00,2.41,5.74
2025-12-25T09:00,2.33,5.60
2025-12-25T10:00,2.95,6.68
2025-12-25T11:00,2.20,5.68
2025-12-25T12:00,1.88,5.10
2025-12-25T13:00,3.83,7.64
2025-12-25T14:00,3.16,9.25
2025-12-25T15:00,1.32,2.45
2025-12-25T16:00,2.62,3.96
2025-12-25T17:00,1.96,4.85
2025-12-25T18:00,1.84,2.89
2025-12-25T19:00,2.62,4.00
2025-12-25T20:00,3.19,5.17
2025-12-25T21:00,3.26,6.47
2025-12-25T22:00,3.70,7.44
2025-12-25T23:00,3.98,7.93
2025-12-26T00:00,3.56,7.79
2025-12-26T01:00,2.56,6.23
2025-12-26T02:00,3.05,6.85
2025-12-26T03:00,3.62,7.40
2025-12-26T04:00,3.29,6.85
2025-12-26T05:00,3.78,7.54
2025-12-26T06:00,3.33,6.87
2025-12-26T07:00,3.03,6.39
2025-12-26T08:00,3.11,6.44
2025-12-26T09:00,3.25,6.68
2025-12-26T10:00,2.76,5.92
2025-12-26T11:00,2.26,5.19
2025-12-26T12:00,2.19,4.90
2025-12-26T13:00,1.27,2.75
2025-12-26T14:00,1.50,2.35
2025-12-26T15:00,1.79,2.71
2025-12-26T16:00,1.80,2.52
2025-12-26T17:00,2.66,3.94
2025-12-26T18:00,2.66,3.82
2025-12-26T19:00,3.21,4.84
2025-12-26T20:00,3.59,5.77
2025-12-26T21:00,3.42,5.64
2025-12-26T22:00,4.36,7.51
2025-12-26T23:00,4.22,7.49
2025-12-27T00:00,3.73,6.98
2025-12-27T01:00,3.40,6.22
2025-12-27T02:00,3.16,6.48
2025-12-27T03:00,2.84,6.24
2025-12-27T04:00,2.77,6.34
2025-12-27T05:00,2.45,6.18
2025-12-27T06:00,1.56,3.23
2025-12-27T07:00,1.67,4.30
2025-12-27T08:00,2.51,5.80
2025-12-27T09:00,3.12,6.93
2025-12-27T10:00,3.30,6.95
2025-12-27T11:00,3.35,6.76
2025-12-27T12:00,2.24,4.99
2025-12-27T13:00,2.35,5.19
2025-12-27T14:00,2.26,6.07
2025-12-27T15:00,2.21,3.65
2025-12-27T16:00,2.41,3.68
2025-12-27T17:00,2.62,3.94
2025-12-27T18:00,2.74,4.08
2025-12-27T19:00,3.64,5.38
2025-12-27T20:00,3.30,4.98
2025-12-27T21:00,2.86,4.66
2025-12-27T22:00,2.22,4.59
2025-12-27T23:00,2.17,4.72
2025-12-28T00:00,2.31,4.33
2025-12-28T01:00,2.14,4.28
2025-12-28T02:00,2.19,4.46
2025-12-28T03:00,1.52,3.71
2025-12-28T04:00,1.24,3.32
2025-12-28T05:00,1.13,3.26
2025-12-28T06:00,1.42,3.54
2025-12-28T07:00,1.27,3.08
2025-12-28T08:00,1.41,3.09
2025-12-28T09:00,1.15,2.94
2025-12-28T10:00,1.23,3.03
2025-12-28T11:00,1.55,3.17
2025-12-28T12:00,1.72,3.50
2025-12-28T13:00,2.08,4.07
2025-12-28T14:00,2.24,3.58
2025-12-28T15:00,2.47,3.75
2025-12-28T16:00,2.38,3.49
2025-12-28T17:00,2.75,4.15
2025-12-28T18:00,3.86,5.82
2025-12-28T19:00,3.75,5.85
2025-12-28T20:00,3.65,5.90
2025-12-28T21:00,3.42,6.05
2025-12-28T22:00,3.25,6.22
2025-12-28T23:00,3.81,7.26
2025-12-29T00:00,4.08,7.60
2025-12-29T01:00,5.02,9.07
2025-12-29T02:00,5.55,10.06
2025-12-29T03:00,5.38,9.72
2025-12-29T04:00,5.01,9.23
2025-12-29T05:00,5.34,9.71
2025-12-29T06:00,5.28,9.66
2025-12-29T07:00,6.17,11.18
2025-12-29T08:00,6.29,11.40
2025-12-29T09:00,6.14,11.12
2025-12-29T10:00,6.42,11.65
2025-12-29T11:00,6.62,11.92
2025-12-29T12:00,6.38,11.47
2025-12-29T13:00,6.23,11.17
2025-12-29T14:00,5.13,9.59
2025-12-29T15:00,4.39,8.37
2025-12-29T16:00,4.61,8.38
2025-12-29T17:00,5.99,9.56
2025-12-29T18:00,6.77,10.87
2025-12-29T19:00,7.76,13.13
2025-12-29T20:00,8.52,13.76
2025-12-29T21:00,8.09,13.31
2025-12-29T22:00,8.22,13.60
2025-12-29T23:00,9.15,15.17
2025-12-30T00:00,7.56,12.66
2025-12-30T01:00,7.20,12.13
2025-12-30T02:00,6.37,10.81
2025-12-30T03:00,6.99,11.69
2025-12-30T04:00,6.85,11.57
2025-12-30T05:00,6.42,10.91
2025-12-30T06:00,7.40,12.24
2025-12-30T07:00,6.45,11.14
2025-12-30T08:00,5.31,9.11
2025-12-30T09:00,5.68,9.68
2025-12-30T10:00,4.78,8.32
2025-12-30T11:00,4.38,7.64
2025-12-30T12:00,4.57,7.59
2025-12-30T13:00,5.09,8.41
2025-12-30T14:00,4.49,7.33
2025-12-30T15:00,5.12,8.05
2025-12-30T16:00,6.04,9.28
2025-12-30T17:00,6.58,10.27
2025-12-30T18:00,6.40,9.85
2025-12-30T19:00,6.82,10.50
2025-12-30T20:00,6.72,10.53
2025-12-30T21:00,6.84,10.68
2025-12-30T22:00,5.66,9.63
2025-12-30T23:00,4.58,8.06
2025-12-31T00:00,3.88,7.00
2025-12-31T01:00,4.02,7.28
2025-12-31T02:00,3.96,7.16
2025-12-31T03:00,3.81,6.95
2025-12-31T04:00,4.08,7.32
2025-12-31T05:00,4.16,7.41
2025-12-31T06:00,3.83,6.65
2025-12-31T07:00,2.67,4.86
2025-12-31T08:00,2.77,4.64
2025-12-31T09:00,2.80,4.55
2025-12-31T10:00,2.21,3.67
2025-12-31T11:00,3.16,5.60
2025-12-31T12:00,2.85,5.03
2025-12-31T13:00,2.41,4.15
2025-12-31T14:00,2.24,3.48
2025-12-31T15:00,3.05,4.46
2025-12-31T16:00,3.25,4.70
2025-12-31T17:00,3.97,5.65
2025-12-31T18:00,4.57,6.61
2025-12-31T19:00,4.92,7.34
2025-12-31T20:00,4.77,7.22
2025-12-31T21:00,2.98,5.41
2025-12-31T22:00,2.16,5.24
2025-12-31T23:00,1.87,4.87
